idedomun;IDH_ingpc;;;;;;;;;;;;;;;;;;
1001;17848;;;;;;;;;;;;;;;;;;
1002;6877;;;;;;;;;;;;;;;;;;
1003;8765;;;;;;;;;;;;;;;;;;
1004;9123;;;;;;;;;;;;;;;;;;
1005;12156;;;;;;;;;;;;;;;;;;
1006;12557;;;;;;;;;;;;;;;;;;
1007;10907;;;;;;;;;;;;;;;;;;
1008;9258;;;;;;;;;;;;;;;;;;
1009;8264;;;;;;;;;;;;;;;;;;
1010;7582;;;;;;;;;;;;;;;;;;
1011;11284;;;;;;;;;;;;;;;;;;
2001;16374;;;;;;;;;;;;;;;;;;
2002;18260;;;;;;;;;;;;;;;;;;
2003;22169;;;;;;;;;;;;;;;;;;
2004;18519;;;;;;;;;;;;;;;;;;
2005;18532;;;;;;;;;;;;;;;;;;
3001;13762;;;;;;;;;;;;;;;;;;
3002;13474;;;;;;;;;;;;;;;;;;
3003;21874;;;;;;;;;;;;;;;;;;
3008;23369;;;;;;;;;;;;;;;;;;
3009;13789;;;;;;;;;;;;;;;;;;
4001;10689;;;;;;;;;;;;;;;;;;
4002;17123;;;;;;;;;;;;;;;;;;
4003;18553;;;;;;;;;;;;;;;;;;
4004;8500;;;;;;;;;;;;;;;;;;
4005;10343;;;;;;;;;;;;;;;;;;
4006;6283;;;;;;;;;;;;;;;;;;
4007;8437;;;;;;;;;;;;;;;;;;
4008;9501;;;;;;;;;;;;;;;;;;
4009;7364;;;;;;;;;;;;;;;;;;
4010;3980;;;;;;;;;;;;;;;;;;
4011;5464;;;;;;;;;;;;;;;;;;
5001;10578;;;;;;;;;;;;;;;;;;
5002;14802;;;;;;;;;;;;;;;;;;
5003;19187;;;;;;;;;;;;;;;;;;
5004;8047;;;;;;;;;;;;;;;;;;
5005;8573;;;;;;;;;;;;;;;;;;
5006;12972;;;;;;;;;;;;;;;;;;
5007;11297;;;;;;;;;;;;;;;;;;
5008;8268;;;;;;;;;;;;;;;;;;
5009;10709;;;;;;;;;;;;;;;;;;
5010;14362;;;;;;;;;;;;;;;;;;
5011;9163;;;;;;;;;;;;;;;;;;
5012;10067;;;;;;;;;;;;;;;;;;
5013;8389;;;;;;;;;;;;;;;;;;
5014;8583;;;;;;;;;;;;;;;;;;
5015;7885;;;;;;;;;;;;;;;;;;
5016;10370;;;;;;;;;;;;;;;;;;
5017;11512;;;;;;;;;;;;;;;;;;
5018;19171;;;;;;;;;;;;;;;;;;
5019;13933;;;;;;;;;;;;;;;;;;
5020;12840;;;;;;;;;;;;;;;;;;
5021;11924;;;;;;;;;;;;;;;;;;
5022;12847;;;;;;;;;;;;;;;;;;
5023;8812;;;;;;;;;;;;;;;;;;
5024;12384;;;;;;;;;;;;;;;;;;
5025;16875;;;;;;;;;;;;;;;;;;
5026;9683;;;;;;;;;;;;;;;;;;
5027;16768;;;;;;;;;;;;;;;;;;
5028;16717;;;;;;;;;;;;;;;;;;
5029;11374;;;;;;;;;;;;;;;;;;
5030;19051;;;;;;;;;;;;;;;;;;
5031;16347;;;;;;;;;;;;;;;;;;
5032;17661;;;;;;;;;;;;;;;;;;
5033;9580;;;;;;;;;;;;;;;;;;
5034;11171;;;;;;;;;;;;;;;;;;
5035;18180;;;;;;;;;;;;;;;;;;
5036;7934;;;;;;;;;;;;;;;;;;
5037;11277;;;;;;;;;;;;;;;;;;
5038;12549;;;;;;;;;;;;;;;;;;
6001;13195;;;;;;;;;;;;;;;;;;
6002;21426;;;;;;;;;;;;;;;;;;
6003;9608;;;;;;;;;;;;;;;;;;
6004;10598;;;;;;;;;;;;;;;;;;
6005;15418;;;;;;;;;;;;;;;;;;
6006;9798;;;;;;;;;;;;;;;;;;
6007;18728;;;;;;;;;;;;;;;;;;
6008;10336;;;;;;;;;;;;;;;;;;
6009;11452;;;;;;;;;;;;;;;;;;
6010;23026;;;;;;;;;;;;;;;;;;
7001;5236;;;;;;;;;;;;;;;;;;
7002;6099;;;;;;;;;;;;;;;;;;
7003;5699;;;;;;;;;;;;;;;;;;
7004;3910;;;;;;;;;;;;;;;;;;
7005;3163;;;;;;;;;;;;;;;;;;
7006;3810;;;;;;;;;;;;;;;;;;
7007;3621;;;;;;;;;;;;;;;;;;
7008;4737;;;;;;;;;;;;;;;;;;
7009;8706;;;;;;;;;;;;;;;;;;
7010;3146;;;;;;;;;;;;;;;;;;
7011;3654;;;;;;;;;;;;;;;;;;
7012;7308;;;;;;;;;;;;;;;;;;
7013;5691;;;;;;;;;;;;;;;;;;
7014;3179;;;;;;;;;;;;;;;;;;
7015;7620;;;;;;;;;;;;;;;;;;
7016;6942;;;;;;;;;;;;;;;;;;
7017;7286;;;;;;;;;;;;;;;;;;
7018;4436;;;;;;;;;;;;;;;;;;
7019;9545;;;;;;;;;;;;;;;;;;
7020;5259;;;;;;;;;;;;;;;;;;
7021;6334;;;;;;;;;;;;;;;;;;
7022;2256;;;;;;;;;;;;;;;;;;
7023;2795;;;;;;;;;;;;;;;;;;
7024;3396;;;;;;;;;;;;;;;;;;
7025;5050;;;;;;;;;;;;;;;;;;
7026;2642;;;;;;;;;;;;;;;;;;
7027;8706;;;;;;;;;;;;;;;;;;
7028;4944;;;;;;;;;;;;;;;;;;
7029;6677;;;;;;;;;;;;;;;;;;
7030;4354;;;;;;;;;;;;;;;;;;
7031;2817;;;;;;;;;;;;;;;;;;
7032;6043;;;;;;;;;;;;;;;;;;
7033;3505;;;;;;;;;;;;;;;;;;
7034;5941;;;;;;;;;;;;;;;;;;
7035;6773;;;;;;;;;;;;;;;;;;
7036;3799;;;;;;;;;;;;;;;;;;
7037;7442;;;;;;;;;;;;;;;;;;
7038;3088;;;;;;;;;;;;;;;;;;
7039;3338;;;;;;;;;;;;;;;;;;
7040;8769;;;;;;;;;;;;;;;;;;
7041;3852;;;;;;;;;;;;;;;;;;
7042;4021;;;;;;;;;;;;;;;;;;
7043;6191;;;;;;;;;;;;;;;;;;
7044;4371;;;;;;;;;;;;;;;;;;
7045;3822;;;;;;;;;;;;;;;;;;
7046;7001;;;;;;;;;;;;;;;;;;
7047;3812;;;;;;;;;;;;;;;;;;
7048;7154;;;;;;;;;;;;;;;;;;
7049;2397;;;;;;;;;;;;;;;;;;
7050;6505;;;;;;;;;;;;;;;;;;
7051;6386;;;;;;;;;;;;;;;;;;
7052;3717;;;;;;;;;;;;;;;;;;
7053;4096;;;;;;;;;;;;;;;;;;
7054;6770;;;;;;;;;;;;;;;;;;
7055;8517;;;;;;;;;;;;;;;;;;
7056;2484;;;;;;;;;;;;;;;;;;
7057;5392;;;;;;;;;;;;;;;;;;
7058;4211;;;;;;;;;;;;;;;;;;
7059;4195;;;;;;;;;;;;;;;;;;
7060;3186;;;;;;;;;;;;;;;;;;
7061;5818;;;;;;;;;;;;;;;;;;
7062;5116;;;;;;;;;;;;;;;;;;
7063;4936;;;;;;;;;;;;;;;;;;
7064;3441;;;;;;;;;;;;;;;;;;
7065;5986;;;;;;;;;;;;;;;;;;
7066;2899;;;;;;;;;;;;;;;;;;
7067;2915;;;;;;;;;;;;;;;;;;
7068;8964;;;;;;;;;;;;;;;;;;
7069;5196;;;;;;;;;;;;;;;;;;
7070;3860;;;;;;;;;;;;;;;;;;
7071;5258;;;;;;;;;;;;;;;;;;
7072;4474;;;;;;;;;;;;;;;;;;
7073;4891;;;;;;;;;;;;;;;;;;
7074;11675;;;;;;;;;;;;;;;;;;
7075;5122;;;;;;;;;;;;;;;;;;
7076;2916;;;;;;;;;;;;;;;;;;
7077;4545;;;;;;;;;;;;;;;;;;
7078;10834;;;;;;;;;;;;;;;;;;
7079;6152;;;;;;;;;;;;;;;;;;
7080;3814;;;;;;;;;;;;;;;;;;
7081;3515;;;;;;;;;;;;;;;;;;
7082;2272;;;;;;;;;;;;;;;;;;
7083;4814;;;;;;;;;;;;;;;;;;
7084;4043;;;;;;;;;;;;;;;;;;
7085;5522;;;;;;;;;;;;;;;;;;
7086;6875;;;;;;;;;;;;;;;;;;
7087;6136;;;;;;;;;;;;;;;;;;
7088;4800;;;;;;;;;;;;;;;;;;
7089;10493;;;;;;;;;;;;;;;;;;
7090;3604;;;;;;;;;;;;;;;;;;
7091;6091;;;;;;;;;;;;;;;;;;
7092;5072;;;;;;;;;;;;;;;;;;
7093;2460;;;;;;;;;;;;;;;;;;
7094;4542;;;;;;;;;;;;;;;;;;
7096;3455;;;;;;;;;;;;;;;;;;
7097;7380;;;;;;;;;;;;;;;;;;
7098;3774;;;;;;;;;;;;;;;;;;
7099;4761;;;;;;;;;;;;;;;;;;
7100;3060;;;;;;;;;;;;;;;;;;
7101;19002;;;;;;;;;;;;;;;;;;
7102;9355;;;;;;;;;;;;;;;;;;
7103;5028;;;;;;;;;;;;;;;;;;
7104;4793;;;;;;;;;;;;;;;;;;
7105;6770;;;;;;;;;;;;;;;;;;
7106;5223;;;;;;;;;;;;;;;;;;
7107;5807;;;;;;;;;;;;;;;;;;
7108;7051;;;;;;;;;;;;;;;;;;
7109;5308;;;;;;;;;;;;;;;;;;
7110;4158;;;;;;;;;;;;;;;;;;
7111;3409;;;;;;;;;;;;;;;;;;
7112;2480;;;;;;;;;;;;;;;;;;
7113;2154;;;;;;;;;;;;;;;;;;
7114;4762;;;;;;;;;;;;;;;;;;
7115;2392;;;;;;;;;;;;;;;;;;
7116;3219;;;;;;;;;;;;;;;;;;
7117;3455;;;;;;;;;;;;;;;;;;
7118;3411;;;;;;;;;;;;;;;;;;
7119;2372;;;;;;;;;;;;;;;;;;
8001;12636;;;;;;;;;;;;;;;;;;
8002;12458;;;;;;;;;;;;;;;;;;
8003;10686;;;;;;;;;;;;;;;;;;
8004;17146;;;;;;;;;;;;;;;;;;
8005;8822;;;;;;;;;;;;;;;;;;
8006;12060;;;;;;;;;;;;;;;;;;
8007;4067;;;;;;;;;;;;;;;;;;
8008;3325;;;;;;;;;;;;;;;;;;
8009;8957;;;;;;;;;;;;;;;;;;
8010;10379;;;;;;;;;;;;;;;;;;
8011;15029;;;;;;;;;;;;;;;;;;
8012;4094;;;;;;;;;;;;;;;;;;
8013;10709;;;;;;;;;;;;;;;;;;
8014;8327;;;;;;;;;;;;;;;;;;
8015;9024;;;;;;;;;;;;;;;;;;
8016;8998;;;;;;;;;;;;;;;;;;
8017;13235;;;;;;;;;;;;;;;;;;
8018;10389;;;;;;;;;;;;;;;;;;
8019;20302;;;;;;;;;;;;;;;;;;
8020;4214;;;;;;;;;;;;;;;;;;
8021;21664;;;;;;;;;;;;;;;;;;
8022;9114;;;;;;;;;;;;;;;;;;
8023;11677;;;;;;;;;;;;;;;;;;
8024;9802;;;;;;;;;;;;;;;;;;
8025;11108;;;;;;;;;;;;;;;;;;
8026;9698;;;;;;;;;;;;;;;;;;
8027;5810;;;;;;;;;;;;;;;;;;
8028;9151;;;;;;;;;;;;;;;;;;
8029;3871;;;;;;;;;;;;;;;;;;
8030;4549;;;;;;;;;;;;;;;;;;
8031;11145;;;;;;;;;;;;;;;;;;
8032;19292;;;;;;;;;;;;;;;;;;
8033;7354;;;;;;;;;;;;;;;;;;
8034;8818;;;;;;;;;;;;;;;;;;
8035;7599;;;;;;;;;;;;;;;;;;
8036;14255;;;;;;;;;;;;;;;;;;
8037;16842;;;;;;;;;;;;;;;;;;
8038;10749;;;;;;;;;;;;;;;;;;
8039;9920;;;;;;;;;;;;;;;;;;
8040;9867;;;;;;;;;;;;;;;;;;
8041;3647;;;;;;;;;;;;;;;;;;
8042;7225;;;;;;;;;;;;;;;;;;
8043;9588;;;;;;;;;;;;;;;;;;
8044;9716;;;;;;;;;;;;;;;;;;
8045;15541;;;;;;;;;;;;;;;;;;
8046;3526;;;;;;;;;;;;;;;;;;
8047;5441;;;;;;;;;;;;;;;;;;
8048;12770;;;;;;;;;;;;;;;;;;
8049;6345;;;;;;;;;;;;;;;;;;
8050;14818;;;;;;;;;;;;;;;;;;
8051;5268;;;;;;;;;;;;;;;;;;
8052;13332;;;;;;;;;;;;;;;;;;
8053;10101;;;;;;;;;;;;;;;;;;
8054;13164;;;;;;;;;;;;;;;;;;
8055;11510;;;;;;;;;;;;;;;;;;
8056;6964;;;;;;;;;;;;;;;;;;
8057;8109;;;;;;;;;;;;;;;;;;
8058;9041;;;;;;;;;;;;;;;;;;
8059;16238;;;;;;;;;;;;;;;;;;
8060;13278;;;;;;;;;;;;;;;;;;
8061;8656;;;;;;;;;;;;;;;;;;
8062;12027;;;;;;;;;;;;;;;;;;
8063;7644;;;;;;;;;;;;;;;;;;
8064;7946;;;;;;;;;;;;;;;;;;
8065;4299;;;;;;;;;;;;;;;;;;
8066;3651;;;;;;;;;;;;;;;;;;
8067;8625;;;;;;;;;;;;;;;;;;
9002;23199;;;;;;;;;;;;;;;;;;
9003;28688;;;;;;;;;;;;;;;;;;
9004;32609;;;;;;;;;;;;;;;;;;
9005;18066;;;;;;;;;;;;;;;;;;
9006;21057;;;;;;;;;;;;;;;;;;
9007;16126;;;;;;;;;;;;;;;;;;
9008;20483;;;;;;;;;;;;;;;;;;
9009;11928;;;;;;;;;;;;;;;;;;
9010;20177;;;;;;;;;;;;;;;;;;
9011;15276;;;;;;;;;;;;;;;;;;
9012;24632;;;;;;;;;;;;;;;;;;
9013;21713;;;;;;;;;;;;;;;;;;
9014;45013;;;;;;;;;;;;;;;;;;
9015;25495;;;;;;;;;;;;;;;;;;
9016;35143;;;;;;;;;;;;;;;;;;
9017;20553;;;;;;;;;;;;;;;;;;
10001;9368;;;;;;;;;;;;;;;;;;
10002;4610;;;;;;;;;;;;;;;;;;
10003;6359;;;;;;;;;;;;;;;;;;
10004;9972;;;;;;;;;;;;;;;;;;
10005;15886;;;;;;;;;;;;;;;;;;
10006;5999;;;;;;;;;;;;;;;;;;
10007;14132;;;;;;;;;;;;;;;;;;
10008;8059;;;;;;;;;;;;;;;;;;
10009;7350;;;;;;;;;;;;;;;;;;
10010;7511;;;;;;;;;;;;;;;;;;
10011;7442;;;;;;;;;;;;;;;;;;
10012;12960;;;;;;;;;;;;;;;;;;
10013;12665;;;;;;;;;;;;;;;;;;
10014;3305;;;;;;;;;;;;;;;;;;
10015;10230;;;;;;;;;;;;;;;;;;
10016;7949;;;;;;;;;;;;;;;;;;
10017;8407;;;;;;;;;;;;;;;;;;
10018;9813;;;;;;;;;;;;;;;;;;
10019;3905;;;;;;;;;;;;;;;;;;
10020;7508;;;;;;;;;;;;;;;;;;
10021;7926;;;;;;;;;;;;;;;;;;
10022;7788;;;;;;;;;;;;;;;;;;
10023;6746;;;;;;;;;;;;;;;;;;
10024;9182;;;;;;;;;;;;;;;;;;
10025;6975;;;;;;;;;;;;;;;;;;
10026;5175;;;;;;;;;;;;;;;;;;
10027;5695;;;;;;;;;;;;;;;;;;
10028;7736;;;;;;;;;;;;;;;;;;
10029;7137;;;;;;;;;;;;;;;;;;
10030;6438;;;;;;;;;;;;;;;;;;
10031;6490;;;;;;;;;;;;;;;;;;
10032;9010;;;;;;;;;;;;;;;;;;
10033;7345;;;;;;;;;;;;;;;;;;
10034;4981;;;;;;;;;;;;;;;;;;
10035;7607;;;;;;;;;;;;;;;;;;
10036;10428;;;;;;;;;;;;;;;;;;
10037;5300;;;;;;;;;;;;;;;;;;
10038;9629;;;;;;;;;;;;;;;;;;
10039;8337;;;;;;;;;;;;;;;;;;
11001;7360;;;;;;;;;;;;;;;;;;
11002;9837;;;;;;;;;;;;;;;;;;
11003;9084;;;;;;;;;;;;;;;;;;
11004;9376;;;;;;;;;;;;;;;;;;
11005;8983;;;;;;;;;;;;;;;;;;
11006;4884;;;;;;;;;;;;;;;;;;
11007;17449;;;;;;;;;;;;;;;;;;
11008;7539;;;;;;;;;;;;;;;;;;
11009;8163;;;;;;;;;;;;;;;;;;
11010;7811;;;;;;;;;;;;;;;;;;
11011;10688;;;;;;;;;;;;;;;;;;
11012;8773;;;;;;;;;;;;;;;;;;
11013;6791;;;;;;;;;;;;;;;;;;
11014;7540;;;;;;;;;;;;;;;;;;
11015;16956;;;;;;;;;;;;;;;;;;
11016;6792;;;;;;;;;;;;;;;;;;
11017;14464;;;;;;;;;;;;;;;;;;
11018;9544;;;;;;;;;;;;;;;;;;
11019;6995;;;;;;;;;;;;;;;;;;
11020;16945;;;;;;;;;;;;;;;;;;
11021;11618;;;;;;;;;;;;;;;;;;
11022;5947;;;;;;;;;;;;;;;;;;
11023;7419;;;;;;;;;;;;;;;;;;
11024;8134;;;;;;;;;;;;;;;;;;
11025;9278;;;;;;;;;;;;;;;;;;
11026;7129;;;;;;;;;;;;;;;;;;
11027;14464;;;;;;;;;;;;;;;;;;
11028;8847;;;;;;;;;;;;;;;;;;
11029;6459;;;;;;;;;;;;;;;;;;
11030;6901;;;;;;;;;;;;;;;;;;
11031;10428;;;;;;;;;;;;;;;;;;
11032;10359;;;;;;;;;;;;;;;;;;
11033;8505;;;;;;;;;;;;;;;;;;
11034;5212;;;;;;;;;;;;;;;;;;
11035;7998;;;;;;;;;;;;;;;;;;
11036;8897;;;;;;;;;;;;;;;;;;
11037;9452;;;;;;;;;;;;;;;;;;
11038;8554;;;;;;;;;;;;;;;;;;
11039;8074;;;;;;;;;;;;;;;;;;
11040;6213;;;;;;;;;;;;;;;;;;
11041;9935;;;;;;;;;;;;;;;;;;
11042;8043;;;;;;;;;;;;;;;;;;
11043;5720;;;;;;;;;;;;;;;;;;
11044;10667;;;;;;;;;;;;;;;;;;
11045;4709;;;;;;;;;;;;;;;;;;
11046;9082;;;;;;;;;;;;;;;;;;
12001;12033;;;;;;;;;;;;;;;;;;
12002;3357;;;;;;;;;;;;;;;;;;
12003;5221;;;;;;;;;;;;;;;;;;
12004;3270;;;;;;;;;;;;;;;;;;
12005;5466;;;;;;;;;;;;;;;;;;
12006;6838;;;;;;;;;;;;;;;;;;
12007;8975;;;;;;;;;;;;;;;;;;
12008;5118;;;;;;;;;;;;;;;;;;
12009;3678;;;;;;;;;;;;;;;;;;
12010;3086;;;;;;;;;;;;;;;;;;
12011;7442;;;;;;;;;;;;;;;;;;
12012;4425;;;;;;;;;;;;;;;;;;
12013;5795;;;;;;;;;;;;;;;;;;
12014;8114;;;;;;;;;;;;;;;;;;
12015;8296;;;;;;;;;;;;;;;;;;
12016;3549;;;;;;;;;;;;;;;;;;
12017;7085;;;;;;;;;;;;;;;;;;
12018;6107;;;;;;;;;;;;;;;;;;
12019;4044;;;;;;;;;;;;;;;;;;
12020;3631;;;;;;;;;;;;;;;;;;
12021;6199;;;;;;;;;;;;;;;;;;
12022;5905;;;;;;;;;;;;;;;;;;
12023;6058;;;;;;;;;;;;;;;;;;
12024;3983;;;;;;;;;;;;;;;;;;
12025;4611;;;;;;;;;;;;;;;;;;
12026;5059;;;;;;;;;;;;;;;;;;
12027;6856;;;;;;;;;;;;;;;;;;
12028;5202;;;;;;;;;;;;;;;;;;
12029;12506;;;;;;;;;;;;;;;;;;
12030;6853;;;;;;;;;;;;;;;;;;
12031;4025;;;;;;;;;;;;;;;;;;
12032;4045;;;;;;;;;;;;;;;;;;
12033;7161;;;;;;;;;;;;;;;;;;
12034;7632;;;;;;;;;;;;;;;;;;
12035;13379;;;;;;;;;;;;;;;;;;
12036;5105;;;;;;;;;;;;;;;;;;
12037;5878;;;;;;;;;;;;;;;;;;
12038;10444;;;;;;;;;;;;;;;;;;
12039;6294;;;;;;;;;;;;;;;;;;
12040;4475;;;;;;;;;;;;;;;;;;
12041;4274;;;;;;;;;;;;;;;;;;
12042;4279;;;;;;;;;;;;;;;;;;
12043;2805;;;;;;;;;;;;;;;;;;
12044;6697;;;;;;;;;;;;;;;;;;
12045;5357;;;;;;;;;;;;;;;;;;
12046;7220;;;;;;;;;;;;;;;;;;
12047;4486;;;;;;;;;;;;;;;;;;
12048;8122;;;;;;;;;;;;;;;;;;
12049;6966;;;;;;;;;;;;;;;;;;
12050;9952;;;;;;;;;;;;;;;;;;
12051;4445;;;;;;;;;;;;;;;;;;
12052;4800;;;;;;;;;;;;;;;;;;
12053;6100;;;;;;;;;;;;;;;;;;
12054;4540;;;;;;;;;;;;;;;;;;
12055;9398;;;;;;;;;;;;;;;;;;
12056;4849;;;;;;;;;;;;;;;;;;
12057;7584;;;;;;;;;;;;;;;;;;
12058;7134;;;;;;;;;;;;;;;;;;
12059;7492;;;;;;;;;;;;;;;;;;
12060;5412;;;;;;;;;;;;;;;;;;
12061;7988;;;;;;;;;;;;;;;;;;
12062;3582;;;;;;;;;;;;;;;;;;
12063;4154;;;;;;;;;;;;;;;;;;
12064;7730;;;;;;;;;;;;;;;;;;
12065;2900;;;;;;;;;;;;;;;;;;
12066;6717;;;;;;;;;;;;;;;;;;
12067;8471;;;;;;;;;;;;;;;;;;
12068;5143;;;;;;;;;;;;;;;;;;
12069;4217;;;;;;;;;;;;;;;;;;
12070;5138;;;;;;;;;;;;;;;;;;
12071;3653;;;;;;;;;;;;;;;;;;
12072;3436;;;;;;;;;;;;;;;;;;
12073;4124;;;;;;;;;;;;;;;;;;
12074;4000;;;;;;;;;;;;;;;;;;
12075;8075;;;;;;;;;;;;;;;;;;
12076;3038;;;;;;;;;;;;;;;;;;
12077;6863;;;;;;;;;;;;;;;;;;
12078;2417;;;;;;;;;;;;;;;;;;
12079;2752;;;;;;;;;;;;;;;;;;
12080;5866;;;;;;;;;;;;;;;;;;
12081;4555;;;;;;;;;;;;;;;;;;
13001;6059;;;;;;;;;;;;;;;;;;
13002;4968;;;;;;;;;;;;;;;;;;
13003;10805;;;;;;;;;;;;;;;;;;
13004;5222;;;;;;;;;;;;;;;;;;
13005;8841;;;;;;;;;;;;;;;;;;
13006;6531;;;;;;;;;;;;;;;;;;
13007;7571;;;;;;;;;;;;;;;;;;
13008;8979;;;;;;;;;;;;;;;;;;
13009;6723;;;;;;;;;;;;;;;;;;
13010;14036;;;;;;;;;;;;;;;;;;
13011;6233;;;;;;;;;;;;;;;;;;
13012;8096;;;;;;;;;;;;;;;;;;
13013;13129;;;;;;;;;;;;;;;;;;
13014;4800;;;;;;;;;;;;;;;;;;
13015;8317;;;;;;;;;;;;;;;;;;
13016;7315;;;;;;;;;;;;;;;;;;
13017;6282;;;;;;;;;;;;;;;;;;
13018;5629;;;;;;;;;;;;;;;;;;
13019;5937;;;;;;;;;;;;;;;;;;
13020;5782;;;;;;;;;;;;;;;;;;
13021;10778;;;;;;;;;;;;;;;;;;
13022;10110;;;;;;;;;;;;;;;;;;
13023;10308;;;;;;;;;;;;;;;;;;
13024;8429;;;;;;;;;;;;;;;;;;
13025;5773;;;;;;;;;;;;;;;;;;
13026;4146;;;;;;;;;;;;;;;;;;
13027;4241;;;;;;;;;;;;;;;;;;
13028;8375;;;;;;;;;;;;;;;;;;
13029;8372;;;;;;;;;;;;;;;;;;
13030;9241;;;;;;;;;;;;;;;;;;
13031;8087;;;;;;;;;;;;;;;;;;
13032;5774;;;;;;;;;;;;;;;;;;
13033;5497;;;;;;;;;;;;;;;;;;
13034;5172;;;;;;;;;;;;;;;;;;
13035;7259;;;;;;;;;;;;;;;;;;
13036;8323;;;;;;;;;;;;;;;;;;
13037;5624;;;;;;;;;;;;;;;;;;
13038;7569;;;;;;;;;;;;;;;;;;
13039;11481;;;;;;;;;;;;;;;;;;
13040;3991;;;;;;;;;;;;;;;;;;
13041;9980;;;;;;;;;;;;;;;;;;
13042;8513;;;;;;;;;;;;;;;;;;
13043;4877;;;;;;;;;;;;;;;;;;
13044;6566;;;;;;;;;;;;;;;;;;
13045;7103;;;;;;;;;;;;;;;;;;
13046;5361;;;;;;;;;;;;;;;;;;
13047;5369;;;;;;;;;;;;;;;;;;
13048;21475;;;;;;;;;;;;;;;;;;
13049;5065;;;;;;;;;;;;;;;;;;
13050;11754;;;;;;;;;;;;;;;;;;
13051;21858;;;;;;;;;;;;;;;;;;
13052;9466;;;;;;;;;;;;;;;;;;
13053;5989;;;;;;;;;;;;;;;;;;
13054;9027;;;;;;;;;;;;;;;;;;
13055;5502;;;;;;;;;;;;;;;;;;
13056;13892;;;;;;;;;;;;;;;;;;
13057;6703;;;;;;;;;;;;;;;;;;
13058;8509;;;;;;;;;;;;;;;;;;
13059;6223;;;;;;;;;;;;;;;;;;
13060;4726;;;;;;;;;;;;;;;;;;
13061;14958;;;;;;;;;;;;;;;;;;
13062;3383;;;;;;;;;;;;;;;;;;
13063;13400;;;;;;;;;;;;;;;;;;
13064;7834;;;;;;;;;;;;;;;;;;
13065;8138;;;;;;;;;;;;;;;;;;
13066;8652;;;;;;;;;;;;;;;;;;
13067;9333;;;;;;;;;;;;;;;;;;
13068;4596;;;;;;;;;;;;;;;;;;
13069;17278;;;;;;;;;;;;;;;;;;
13070;9689;;;;;;;;;;;;;;;;;;
13071;5029;;;;;;;;;;;;;;;;;;
13072;12849;;;;;;;;;;;;;;;;;;
13073;4876;;;;;;;;;;;;;;;;;;
13074;10942;;;;;;;;;;;;;;;;;;
13075;10786;;;;;;;;;;;;;;;;;;
13076;12977;;;;;;;;;;;;;;;;;;
13077;11176;;;;;;;;;;;;;;;;;;
13078;3419;;;;;;;;;;;;;;;;;;
13079;5279;;;;;;;;;;;;;;;;;;
13080;3494;;;;;;;;;;;;;;;;;;
13081;9194;;;;;;;;;;;;;;;;;;
13082;10520;;;;;;;;;;;;;;;;;;
13083;9696;;;;;;;;;;;;;;;;;;
13084;8273;;;;;;;;;;;;;;;;;;
14001;8493;;;;;;;;;;;;;;;;;;
14002;17043;;;;;;;;;;;;;;;;;;
14003;11308;;;;;;;;;;;;;;;;;;
14004;9082;;;;;;;;;;;;;;;;;;
14005;11921;;;;;;;;;;;;;;;;;;
14006;10851;;;;;;;;;;;;;;;;;;
14007;9413;;;;;;;;;;;;;;;;;;
14008;9599;;;;;;;;;;;;;;;;;;
14009;11688;;;;;;;;;;;;;;;;;;
14010;6516;;;;;;;;;;;;;;;;;;
14011;6912;;;;;;;;;;;;;;;;;;
14012;9531;;;;;;;;;;;;;;;;;;
14013;9920;;;;;;;;;;;;;;;;;;
14014;9261;;;;;;;;;;;;;;;;;;
14015;15968;;;;;;;;;;;;;;;;;;
14016;7479;;;;;;;;;;;;;;;;;;
14017;7130;;;;;;;;;;;;;;;;;;
14018;9209;;;;;;;;;;;;;;;;;;
14019;5205;;;;;;;;;;;;;;;;;;
14020;7652;;;;;;;;;;;;;;;;;;
14021;9868;;;;;;;;;;;;;;;;;;
14022;10398;;;;;;;;;;;;;;;;;;
14023;22469;;;;;;;;;;;;;;;;;;
14024;10089;;;;;;;;;;;;;;;;;;
14025;12294;;;;;;;;;;;;;;;;;;
14026;7955;;;;;;;;;;;;;;;;;;
14027;4758;;;;;;;;;;;;;;;;;;
14028;9135;;;;;;;;;;;;;;;;;;
14029;6907;;;;;;;;;;;;;;;;;;
14030;11998;;;;;;;;;;;;;;;;;;
14031;4033;;;;;;;;;;;;;;;;;;
14032;7435;;;;;;;;;;;;;;;;;;
14033;8017;;;;;;;;;;;;;;;;;;
14034;11963;;;;;;;;;;;;;;;;;;
14035;8506;;;;;;;;;;;;;;;;;;
14036;9876;;;;;;;;;;;;;;;;;;
14037;11812;;;;;;;;;;;;;;;;;;
14038;7967;;;;;;;;;;;;;;;;;;
14039;21783;;;;;;;;;;;;;;;;;;
14040;7817;;;;;;;;;;;;;;;;;;
14041;9782;;;;;;;;;;;;;;;;;;
14042;8675;;;;;;;;;;;;;;;;;;
14043;10334;;;;;;;;;;;;;;;;;;
14044;12953;;;;;;;;;;;;;;;;;;
14045;7504;;;;;;;;;;;;;;;;;;
14046;8900;;;;;;;;;;;;;;;;;;
14047;9514;;;;;;;;;;;;;;;;;;
14048;8269;;;;;;;;;;;;;;;;;;
14049;4715;;;;;;;;;;;;;;;;;;
14050;10481;;;;;;;;;;;;;;;;;;
14051;12944;;;;;;;;;;;;;;;;;;
14052;10283;;;;;;;;;;;;;;;;;;
14053;12760;;;;;;;;;;;;;;;;;;
14054;11327;;;;;;;;;;;;;;;;;;
14055;11000;;;;;;;;;;;;;;;;;;
14056;3319;;;;;;;;;;;;;;;;;;
14057;8572;;;;;;;;;;;;;;;;;;
14058;10109;;;;;;;;;;;;;;;;;;
14059;10211;;;;;;;;;;;;;;;;;;
14060;7695;;;;;;;;;;;;;;;;;;
14061;4733;;;;;;;;;;;;;;;;;;
14062;8675;;;;;;;;;;;;;;;;;;
14063;18506;;;;;;;;;;;;;;;;;;
14064;7392;;;;;;;;;;;;;;;;;;
14065;9536;;;;;;;;;;;;;;;;;;
14066;8790;;;;;;;;;;;;;;;;;;
14067;14272;;;;;;;;;;;;;;;;;;
14068;7144;;;;;;;;;;;;;;;;;;
14069;7539;;;;;;;;;;;;;;;;;;
14070;12020;;;;;;;;;;;;;;;;;;
14071;6779;;;;;;;;;;;;;;;;;;
14072;9021;;;;;;;;;;;;;;;;;;
14073;9895;;;;;;;;;;;;;;;;;;
14074;8858;;;;;;;;;;;;;;;;;;
14075;10267;;;;;;;;;;;;;;;;;;
14076;9449;;;;;;;;;;;;;;;;;;
14077;10735;;;;;;;;;;;;;;;;;;
14078;8795;;;;;;;;;;;;;;;;;;
14079;9096;;;;;;;;;;;;;;;;;;
14080;10627;;;;;;;;;;;;;;;;;;
14081;7579;;;;;;;;;;;;;;;;;;
14082;12395;;;;;;;;;;;;;;;;;;
14083;12995;;;;;;;;;;;;;;;;;;
14084;7670;;;;;;;;;;;;;;;;;;
14085;10343;;;;;;;;;;;;;;;;;;
14086;7868;;;;;;;;;;;;;;;;;;
14087;9021;;;;;;;;;;;;;;;;;;
14088;10453;;;;;;;;;;;;;;;;;;
14089;8606;;;;;;;;;;;;;;;;;;
14090;9072;;;;;;;;;;;;;;;;;;
14091;8269;;;;;;;;;;;;;;;;;;
14092;7736;;;;;;;;;;;;;;;;;;
14093;15432;;;;;;;;;;;;;;;;;;
14094;10343;;;;;;;;;;;;;;;;;;
14095;10089;;;;;;;;;;;;;;;;;;
14096;9145;;;;;;;;;;;;;;;;;;
14097;15147;;;;;;;;;;;;;;;;;;
14098;15320;;;;;;;;;;;;;;;;;;
14099;8327;;;;;;;;;;;;;;;;;;
14100;8635;;;;;;;;;;;;;;;;;;
14101;16135;;;;;;;;;;;;;;;;;;
14102;10336;;;;;;;;;;;;;;;;;;
14103;10083;;;;;;;;;;;;;;;;;;
14104;8913;;;;;;;;;;;;;;;;;;
14105;9494;;;;;;;;;;;;;;;;;;
14106;8633;;;;;;;;;;;;;;;;;;
14107;9433;;;;;;;;;;;;;;;;;;
14108;10606;;;;;;;;;;;;;;;;;;
14109;10554;;;;;;;;;;;;;;;;;;
14110;10933;;;;;;;;;;;;;;;;;;
14111;11033;;;;;;;;;;;;;;;;;;
14112;9490;;;;;;;;;;;;;;;;;;
14113;9184;;;;;;;;;;;;;;;;;;
14114;10090;;;;;;;;;;;;;;;;;;
14115;8533;;;;;;;;;;;;;;;;;;
14116;9409;;;;;;;;;;;;;;;;;;
14117;8743;;;;;;;;;;;;;;;;;;
14118;9412;;;;;;;;;;;;;;;;;;
14119;10213;;;;;;;;;;;;;;;;;;
14120;23671;;;;;;;;;;;;;;;;;;
14121;11079;;;;;;;;;;;;;;;;;;
14122;6442;;;;;;;;;;;;;;;;;;
14123;7772;;;;;;;;;;;;;;;;;;
14124;8586;;;;;;;;;;;;;;;;;;
14125;7562;;;;;;;;;;;;;;;;;;
15001;6204;;;;;;;;;;;;;;;;;;
15002;15231;;;;;;;;;;;;;;;;;;
15003;7817;;;;;;;;;;;;;;;;;;
15004;6456;;;;;;;;;;;;;;;;;;
15005;11038;;;;;;;;;;;;;;;;;;
15006;12270;;;;;;;;;;;;;;;;;;
15007;5742;;;;;;;;;;;;;;;;;;
15008;6782;;;;;;;;;;;;;;;;;;
15009;11175;;;;;;;;;;;;;;;;;;
15010;9249;;;;;;;;;;;;;;;;;;
15011;10141;;;;;;;;;;;;;;;;;;
15012;8634;;;;;;;;;;;;;;;;;;
15013;21938;;;;;;;;;;;;;;;;;;
15014;9611;;;;;;;;;;;;;;;;;;
15015;7724;;;;;;;;;;;;;;;;;;
15016;8374;;;;;;;;;;;;;;;;;;
15017;9840;;;;;;;;;;;;;;;;;;
15018;9842;;;;;;;;;;;;;;;;;;
15019;11416;;;;;;;;;;;;;;;;;;
15020;20097;;;;;;;;;;;;;;;;;;
15021;7705;;;;;;;;;;;;;;;;;;
15022;12992;;;;;;;;;;;;;;;;;;
15023;9939;;;;;;;;;;;;;;;;;;
15024;20980;;;;;;;;;;;;;;;;;;
15025;10342;;;;;;;;;;;;;;;;;;
15026;7090;;;;;;;;;;;;;;;;;;
15027;12260;;;;;;;;;;;;;;;;;;
15028;10324;;;;;;;;;;;;;;;;;;
15029;13133;;;;;;;;;;;;;;;;;;
15030;11284;;;;;;;;;;;;;;;;;;
15031;9551;;;;;;;;;;;;;;;;;;
15032;4919;;;;;;;;;;;;;;;;;;
15033;14345;;;;;;;;;;;;;;;;;;
15034;7276;;;;;;;;;;;;;;;;;;
15035;14328;;;;;;;;;;;;;;;;;;
15036;7885;;;;;;;;;;;;;;;;;;
15037;21865;;;;;;;;;;;;;;;;;;
15038;9441;;;;;;;;;;;;;;;;;;
15039;17133;;;;;;;;;;;;;;;;;;
15040;9019;;;;;;;;;;;;;;;;;;
15041;4291;;;;;;;;;;;;;;;;;;
15042;7843;;;;;;;;;;;;;;;;;;
15043;8221;;;;;;;;;;;;;;;;;;
15044;13481;;;;;;;;;;;;;;;;;;
15045;8100;;;;;;;;;;;;;;;;;;
15046;9807;;;;;;;;;;;;;;;;;;
15047;6737;;;;;;;;;;;;;;;;;;
15048;9221;;;;;;;;;;;;;;;;;;
15049;7955;;;;;;;;;;;;;;;;;;
15050;9582;;;;;;;;;;;;;;;;;;
15051;10364;;;;;;;;;;;;;;;;;;
15052;7271;;;;;;;;;;;;;;;;;;
15053;12697;;;;;;;;;;;;;;;;;;
15054;24031;;;;;;;;;;;;;;;;;;
15055;11053;;;;;;;;;;;;;;;;;;
15056;6465;;;;;;;;;;;;;;;;;;
15057;20112;;;;;;;;;;;;;;;;;;
15058;15119;;;;;;;;;;;;;;;;;;
15059;8338;;;;;;;;;;;;;;;;;;
15060;14088;;;;;;;;;;;;;;;;;;
15061;10649;;;;;;;;;;;;;;;;;;
15062;12566;;;;;;;;;;;;;;;;;;
15063;6512;;;;;;;;;;;;;;;;;;
15064;7045;;;;;;;;;;;;;;;;;;
15065;9034;;;;;;;;;;;;;;;;;;
15066;5276;;;;;;;;;;;;;;;;;;
15067;8431;;;;;;;;;;;;;;;;;;
15068;9412;;;;;;;;;;;;;;;;;;
15069;12668;;;;;;;;;;;;;;;;;;
15070;12331;;;;;;;;;;;;;;;;;;
15071;8439;;;;;;;;;;;;;;;;;;
15072;11087;;;;;;;;;;;;;;;;;;
15073;9514;;;;;;;;;;;;;;;;;;
15074;5640;;;;;;;;;;;;;;;;;;
15075;9947;;;;;;;;;;;;;;;;;;
15076;11329;;;;;;;;;;;;;;;;;;
15077;6268;;;;;;;;;;;;;;;;;;
15078;8437;;;;;;;;;;;;;;;;;;
15079;8150;;;;;;;;;;;;;;;;;;
15080;4735;;;;;;;;;;;;;;;;;;
15081;18270;;;;;;;;;;;;;;;;;;
15082;7434;;;;;;;;;;;;;;;;;;
15083;11289;;;;;;;;;;;;;;;;;;
15084;8819;;;;;;;;;;;;;;;;;;
15085;6384;;;;;;;;;;;;;;;;;;
15086;7245;;;;;;;;;;;;;;;;;;
15087;6601;;;;;;;;;;;;;;;;;;
15088;8968;;;;;;;;;;;;;;;;;;
15089;9551;;;;;;;;;;;;;;;;;;
15090;10196;;;;;;;;;;;;;;;;;;
15091;12768;;;;;;;;;;;;;;;;;;
15092;10889;;;;;;;;;;;;;;;;;;
15093;10966;;;;;;;;;;;;;;;;;;
15094;8964;;;;;;;;;;;;;;;;;;
15095;13791;;;;;;;;;;;;;;;;;;
15096;9322;;;;;;;;;;;;;;;;;;
15097;6485;;;;;;;;;;;;;;;;;;
15098;10168;;;;;;;;;;;;;;;;;;
15099;15478;;;;;;;;;;;;;;;;;;
15100;10720;;;;;;;;;;;;;;;;;;
15101;9050;;;;;;;;;;;;;;;;;;
15102;7168;;;;;;;;;;;;;;;;;;
15103;13067;;;;;;;;;;;;;;;;;;
15104;19341;;;;;;;;;;;;;;;;;;
15105;5781;;;;;;;;;;;;;;;;;;
15106;17058;;;;;;;;;;;;;;;;;;
15107;9959;;;;;;;;;;;;;;;;;;
15108;13200;;;;;;;;;;;;;;;;;;
15109;15748;;;;;;;;;;;;;;;;;;
15110;8995;;;;;;;;;;;;;;;;;;
15111;5202;;;;;;;;;;;;;;;;;;
15112;7016;;;;;;;;;;;;;;;;;;
15113;7831;;;;;;;;;;;;;;;;;;
15114;6018;;;;;;;;;;;;;;;;;;
15115;11030;;;;;;;;;;;;;;;;;;
15116;9081;;;;;;;;;;;;;;;;;;
15117;5638;;;;;;;;;;;;;;;;;;
15118;10343;;;;;;;;;;;;;;;;;;
15119;4651;;;;;;;;;;;;;;;;;;
15120;10423;;;;;;;;;;;;;;;;;;
15121;19361;;;;;;;;;;;;;;;;;;
15122;10000;;;;;;;;;;;;;;;;;;
15123;5082;;;;;;;;;;;;;;;;;;
15124;4019;;;;;;;;;;;;;;;;;;
15125;11337;;;;;;;;;;;;;;;;;;
16001;7229;;;;;;;;;;;;;;;;;;
16002;5873;;;;;;;;;;;;;;;;;;
16003;7367;;;;;;;;;;;;;;;;;;
16004;7831;;;;;;;;;;;;;;;;;;
16005;8411;;;;;;;;;;;;;;;;;;
16006;9302;;;;;;;;;;;;;;;;;;
16007;5717;;;;;;;;;;;;;;;;;;
16008;4001;;;;;;;;;;;;;;;;;;
16009;7197;;;;;;;;;;;;;;;;;;
16010;7258;;;;;;;;;;;;;;;;;;
16011;8830;;;;;;;;;;;;;;;;;;
16012;8352;;;;;;;;;;;;;;;;;;
16013;5091;;;;;;;;;;;;;;;;;;
16014;7530;;;;;;;;;;;;;;;;;;
16015;7769;;;;;;;;;;;;;;;;;;
16016;7310;;;;;;;;;;;;;;;;;;
16017;5051;;;;;;;;;;;;;;;;;;
16018;7206;;;;;;;;;;;;;;;;;;
16019;8809;;;;;;;;;;;;;;;;;;
16020;7736;;;;;;;;;;;;;;;;;;
16021;5857;;;;;;;;;;;;;;;;;;
16022;8759;;;;;;;;;;;;;;;;;;
16023;7712;;;;;;;;;;;;;;;;;;
16024;7684;;;;;;;;;;;;;;;;;;
16025;7192;;;;;;;;;;;;;;;;;;
16026;4292;;;;;;;;;;;;;;;;;;
16027;7727;;;;;;;;;;;;;;;;;;
16028;9483;;;;;;;;;;;;;;;;;;
16029;4583;;;;;;;;;;;;;;;;;;
16030;7794;;;;;;;;;;;;;;;;;;
16031;5053;;;;;;;;;;;;;;;;;;
16032;6635;;;;;;;;;;;;;;;;;;
16033;8814;;;;;;;;;;;;;;;;;;
16034;8301;;;;;;;;;;;;;;;;;;
16035;5206;;;;;;;;;;;;;;;;;;
16036;9178;;;;;;;;;;;;;;;;;;
16037;6956;;;;;;;;;;;;;;;;;;
16038;7719;;;;;;;;;;;;;;;;;;
16039;7220;;;;;;;;;;;;;;;;;;
16040;7387;;;;;;;;;;;;;;;;;;
16041;5982;;;;;;;;;;;;;;;;;;
16042;8258;;;;;;;;;;;;;;;;;;
16043;10239;;;;;;;;;;;;;;;;;;
16044;8378;;;;;;;;;;;;;;;;;;
16045;11800;;;;;;;;;;;;;;;;;;
16046;5381;;;;;;;;;;;;;;;;;;
16047;5273;;;;;;;;;;;;;;;;;;
16048;7839;;;;;;;;;;;;;;;;;;
16049;5210;;;;;;;;;;;;;;;;;;
16050;6676;;;;;;;;;;;;;;;;;;
16051;9919;;;;;;;;;;;;;;;;;;
16052;14996;;;;;;;;;;;;;;;;;;
16053;18149;;;;;;;;;;;;;;;;;;
16054;7506;;;;;;;;;;;;;;;;;;
16055;6895;;;;;;;;;;;;;;;;;;
16056;6053;;;;;;;;;;;;;;;;;;
16057;4357;;;;;;;;;;;;;;;;;;
16058;8028;;;;;;;;;;;;;;;;;;
16059;3783;;;;;;;;;;;;;;;;;;
16060;8076;;;;;;;;;;;;;;;;;;
16061;5866;;;;;;;;;;;;;;;;;;
16062;7687;;;;;;;;;;;;;;;;;;
16063;5889;;;;;;;;;;;;;;;;;;
16064;4958;;;;;;;;;;;;;;;;;;
16065;8921;;;;;;;;;;;;;;;;;;
16066;10418;;;;;;;;;;;;;;;;;;
16067;6982;;;;;;;;;;;;;;;;;;
16068;7898;;;;;;;;;;;;;;;;;;
16069;12037;;;;;;;;;;;;;;;;;;
16070;9500;;;;;;;;;;;;;;;;;;
16071;8415;;;;;;;;;;;;;;;;;;
16072;7719;;;;;;;;;;;;;;;;;;
16073;9091;;;;;;;;;;;;;;;;;;
16074;7754;;;;;;;;;;;;;;;;;;
16075;9299;;;;;;;;;;;;;;;;;;
16076;10848;;;;;;;;;;;;;;;;;;
16077;6814;;;;;;;;;;;;;;;;;;
16078;7273;;;;;;;;;;;;;;;;;;
16079;5919;;;;;;;;;;;;;;;;;;
16080;7032;;;;;;;;;;;;;;;;;;
16081;3464;;;;;;;;;;;;;;;;;;
16082;8420;;;;;;;;;;;;;;;;;;
16083;4724;;;;;;;;;;;;;;;;;;
16084;7177;;;;;;;;;;;;;;;;;;
16085;8911;;;;;;;;;;;;;;;;;;
16086;9091;;;;;;;;;;;;;;;;;;
16087;9327;;;;;;;;;;;;;;;;;;
16088;18140;;;;;;;;;;;;;;;;;;
16089;8233;;;;;;;;;;;;;;;;;;
16090;7577;;;;;;;;;;;;;;;;;;
16091;8820;;;;;;;;;;;;;;;;;;
16092;4809;;;;;;;;;;;;;;;;;;
16093;7531;;;;;;;;;;;;;;;;;;
16094;7984;;;;;;;;;;;;;;;;;;
16095;9611;;;;;;;;;;;;;;;;;;
16096;4388;;;;;;;;;;;;;;;;;;
16097;4879;;;;;;;;;;;;;;;;;;
16098;7517;;;;;;;;;;;;;;;;;;
16099;4841;;;;;;;;;;;;;;;;;;
16100;7816;;;;;;;;;;;;;;;;;;
16101;3505;;;;;;;;;;;;;;;;;;
16102;12242;;;;;;;;;;;;;;;;;;
16103;9058;;;;;;;;;;;;;;;;;;
16104;9116;;;;;;;;;;;;;;;;;;
16105;8537;;;;;;;;;;;;;;;;;;
16106;8744;;;;;;;;;;;;;;;;;;
16107;14385;;;;;;;;;;;;;;;;;;
16108;13299;;;;;;;;;;;;;;;;;;
16109;9784;;;;;;;;;;;;;;;;;;
16110;7873;;;;;;;;;;;;;;;;;;
16111;6098;;;;;;;;;;;;;;;;;;
16112;9709;;;;;;;;;;;;;;;;;;
16113;7779;;;;;;;;;;;;;;;;;;
17001;9645;;;;;;;;;;;;;;;;;;
17002;12216;;;;;;;;;;;;;;;;;;
17003;9101;;;;;;;;;;;;;;;;;;
17004;11201;;;;;;;;;;;;;;;;;;
17005;7563;;;;;;;;;;;;;;;;;;
17006;13313;;;;;;;;;;;;;;;;;;
17007;24622;;;;;;;;;;;;;;;;;;
17008;18671;;;;;;;;;;;;;;;;;;
17009;11015;;;;;;;;;;;;;;;;;;
17010;10180;;;;;;;;;;;;;;;;;;
17011;17679;;;;;;;;;;;;;;;;;;
17012;14806;;;;;;;;;;;;;;;;;;
17013;10352;;;;;;;;;;;;;;;;;;
17014;11762;;;;;;;;;;;;;;;;;;
17015;6760;;;;;;;;;;;;;;;;;;
17016;7505;;;;;;;;;;;;;;;;;;
17017;7621;;;;;;;;;;;;;;;;;;
17018;10985;;;;;;;;;;;;;;;;;;
17019;8956;;;;;;;;;;;;;;;;;;
17020;11810;;;;;;;;;;;;;;;;;;
17021;12800;;;;;;;;;;;;;;;;;;
17022;6790;;;;;;;;;;;;;;;;;;
17023;6812;;;;;;;;;;;;;;;;;;
17024;10505;;;;;;;;;;;;;;;;;;
17025;9920;;;;;;;;;;;;;;;;;;
17026;9472;;;;;;;;;;;;;;;;;;
17027;6142;;;;;;;;;;;;;;;;;;
17028;12312;;;;;;;;;;;;;;;;;;
17029;10697;;;;;;;;;;;;;;;;;;
17030;8722;;;;;;;;;;;;;;;;;;
17031;14659;;;;;;;;;;;;;;;;;;
17032;10207;;;;;;;;;;;;;;;;;;
17033;8711;;;;;;;;;;;;;;;;;;
18001;9314;;;;;;;;;;;;;;;;;;
18002;10759;;;;;;;;;;;;;;;;;;
18003;10573;;;;;;;;;;;;;;;;;;
18004;10231;;;;;;;;;;;;;;;;;;
18005;4785;;;;;;;;;;;;;;;;;;
18006;12139;;;;;;;;;;;;;;;;;;
18007;8791;;;;;;;;;;;;;;;;;;
18008;14432;;;;;;;;;;;;;;;;;;
18009;3323;;;;;;;;;;;;;;;;;;
18010;7620;;;;;;;;;;;;;;;;;;
18011;7336;;;;;;;;;;;;;;;;;;
18012;9405;;;;;;;;;;;;;;;;;;
18013;9826;;;;;;;;;;;;;;;;;;
18014;8343;;;;;;;;;;;;;;;;;;
18015;9296;;;;;;;;;;;;;;;;;;
18016;9327;;;;;;;;;;;;;;;;;;
18017;22657;;;;;;;;;;;;;;;;;;
18018;10710;;;;;;;;;;;;;;;;;;
18019;2871;;;;;;;;;;;;;;;;;;
18020;14472;;;;;;;;;;;;;;;;;;
19001;11538;;;;;;;;;;;;;;;;;;
19002;10817;;;;;;;;;;;;;;;;;;
19003;9106;;;;;;;;;;;;;;;;;;
19004;15255;;;;;;;;;;;;;;;;;;
19005;11819;;;;;;;;;;;;;;;;;;
19006;18297;;;;;;;;;;;;;;;;;;
19007;6142;;;;;;;;;;;;;;;;;;
19008;11785;;;;;;;;;;;;;;;;;;
19009;14307;;;;;;;;;;;;;;;;;;
19010;14012;;;;;;;;;;;;;;;;;;
19011;13267;;;;;;;;;;;;;;;;;;
19012;16653;;;;;;;;;;;;;;;;;;
19013;11305;;;;;;;;;;;;;;;;;;
19014;5970;;;;;;;;;;;;;;;;;;
19015;8756;;;;;;;;;;;;;;;;;;
19016;10406;;;;;;;;;;;;;;;;;;
19017;6725;;;;;;;;;;;;;;;;;;
19018;13341;;;;;;;;;;;;;;;;;;
19019;35748;;;;;;;;;;;;;;;;;;
19020;16459;;;;;;;;;;;;;;;;;;
19021;17169;;;;;;;;;;;;;;;;;;
19022;9725;;;;;;;;;;;;;;;;;;
19023;13193;;;;;;;;;;;;;;;;;;
19024;5674;;;;;;;;;;;;;;;;;;
19025;15015;;;;;;;;;;;;;;;;;;
19026;26860;;;;;;;;;;;;;;;;;;
19027;9242;;;;;;;;;;;;;;;;;;
19028;11230;;;;;;;;;;;;;;;;;;
19029;14280;;;;;;;;;;;;;;;;;;
19030;7723;;;;;;;;;;;;;;;;;;
19031;14852;;;;;;;;;;;;;;;;;;
19032;11284;;;;;;;;;;;;;;;;;;
19033;13602;;;;;;;;;;;;;;;;;;
19034;12160;;;;;;;;;;;;;;;;;;
19035;12782;;;;;;;;;;;;;;;;;;
19036;3981;;;;;;;;;;;;;;;;;;
19037;10828;;;;;;;;;;;;;;;;;;
19038;16510;;;;;;;;;;;;;;;;;;
19039;23887;;;;;;;;;;;;;;;;;;
19040;10638;;;;;;;;;;;;;;;;;;
19041;12182;;;;;;;;;;;;;;;;;;
19042;9282;;;;;;;;;;;;;;;;;;
19043;6470;;;;;;;;;;;;;;;;;;
19044;17252;;;;;;;;;;;;;;;;;;
19045;9826;;;;;;;;;;;;;;;;;;
19046;25886;;;;;;;;;;;;;;;;;;
19047;15515;;;;;;;;;;;;;;;;;;
19048;16480;;;;;;;;;;;;;;;;;;
19049;20081;;;;;;;;;;;;;;;;;;
19050;9149;;;;;;;;;;;;;;;;;;
19051;13437;;;;;;;;;;;;;;;;;;
20001;3819;;;;;;;;;;;;;;;;;;
20002;6300;;;;;;;;;;;;;;;;;;
20003;3821;;;;;;;;;;;;;;;;;;
20004;6410;;;;;;;;;;;;;;;;;;
20005;9930;;;;;;;;;;;;;;;;;;
20006;9518;;;;;;;;;;;;;;;;;;
20007;4848;;;;;;;;;;;;;;;;;;
20008;4555;;;;;;;;;;;;;;;;;;
20009;5147;;;;;;;;;;;;;;;;;;
20010;12020;;;;;;;;;;;;;;;;;;
20011;4205;;;;;;;;;;;;;;;;;;
20012;3425;;;;;;;;;;;;;;;;;;
20013;9928;;;;;;;;;;;;;;;;;;
20014;17844;;;;;;;;;;;;;;;;;;
20015;4115;;;;;;;;;;;;;;;;;;
20016;2249;;;;;;;;;;;;;;;;;;
20017;4348;;;;;;;;;;;;;;;;;;
20018;4927;;;;;;;;;;;;;;;;;;
20019;3384;;;;;;;;;;;;;;;;;;
20020;4409;;;;;;;;;;;;;;;;;;
20021;8184;;;;;;;;;;;;;;;;;;
20022;5506;;;;;;;;;;;;;;;;;;
20023;9010;;;;;;;;;;;;;;;;;;
20024;2981;;;;;;;;;;;;;;;;;;
20025;6912;;;;;;;;;;;;;;;;;;
20026;5664;;;;;;;;;;;;;;;;;;
20027;3133;;;;;;;;;;;;;;;;;;
20028;6286;;;;;;;;;;;;;;;;;;
20029;3217;;;;;;;;;;;;;;;;;;
20030;18623;;;;;;;;;;;;;;;;;;
20031;5518;;;;;;;;;;;;;;;;;;
20032;4339;;;;;;;;;;;;;;;;;;
20033;11818;;;;;;;;;;;;;;;;;;
20034;4609;;;;;;;;;;;;;;;;;;
20035;16442;;;;;;;;;;;;;;;;;;
20036;3619;;;;;;;;;;;;;;;;;;
20037;3439;;;;;;;;;;;;;;;;;;
20038;5084;;;;;;;;;;;;;;;;;;
20039;11555;;;;;;;;;;;;;;;;;;
20040;2492;;;;;;;;;;;;;;;;;;
20041;5404;;;;;;;;;;;;;;;;;;
20042;6144;;;;;;;;;;;;;;;;;;
20043;10986;;;;;;;;;;;;;;;;;;
20044;8509;;;;;;;;;;;;;;;;;;
20045;12684;;;;;;;;;;;;;;;;;;
20046;4115;;;;;;;;;;;;;;;;;;
20047;6661;;;;;;;;;;;;;;;;;;
20048;2563;;;;;;;;;;;;;;;;;;
20049;4969;;;;;;;;;;;;;;;;;;
20050;3214;;;;;;;;;;;;;;;;;;
20051;4555;;;;;;;;;;;;;;;;;;
20052;10020;;;;;;;;;;;;;;;;;;
20053;9187;;;;;;;;;;;;;;;;;;
20054;4608;;;;;;;;;;;;;;;;;;
20055;4392;;;;;;;;;;;;;;;;;;
20056;4127;;;;;;;;;;;;;;;;;;
20057;9140;;;;;;;;;;;;;;;;;;
20058;2917;;;;;;;;;;;;;;;;;;
20059;6966;;;;;;;;;;;;;;;;;;
20060;4480;;;;;;;;;;;;;;;;;;
20061;3809;;;;;;;;;;;;;;;;;;
20062;8047;;;;;;;;;;;;;;;;;;
20063;19936;;;;;;;;;;;;;;;;;;
20064;4501;;;;;;;;;;;;;;;;;;
20065;4570;;;;;;;;;;;;;;;;;;
20066;7017;;;;;;;;;;;;;;;;;;
20067;22479;;;;;;;;;;;;;;;;;;
20068;8747;;;;;;;;;;;;;;;;;;
20069;3441;;;;;;;;;;;;;;;;;;
20070;6322;;;;;;;;;;;;;;;;;;
20071;3700;;;;;;;;;;;;;;;;;;
20072;4684;;;;;;;;;;;;;;;;;;
20073;6620;;;;;;;;;;;;;;;;;;
20074;3188;;;;;;;;;;;;;;;;;;
20075;9526;;;;;;;;;;;;;;;;;;
20076;4025;;;;;;;;;;;;;;;;;;
20077;6925;;;;;;;;;;;;;;;;;;
20078;9661;;;;;;;;;;;;;;;;;;
20079;13488;;;;;;;;;;;;;;;;;;
20080;5020;;;;;;;;;;;;;;;;;;
20081;4919;;;;;;;;;;;;;;;;;;
20082;3617;;;;;;;;;;;;;;;;;;
20083;12073;;;;;;;;;;;;;;;;;;
20084;17959;;;;;;;;;;;;;;;;;;
20085;3134;;;;;;;;;;;;;;;;;;
20086;6744;;;;;;;;;;;;;;;;;;
20087;7857;;;;;;;;;;;;;;;;;;
20088;3643;;;;;;;;;;;;;;;;;;
20089;6113;;;;;;;;;;;;;;;;;;
20090;7052;;;;;;;;;;;;;;;;;;
20091;24196;;;;;;;;;;;;;;;;;;
20092;6592;;;;;;;;;;;;;;;;;;
20093;5942;;;;;;;;;;;;;;;;;;
20094;4200;;;;;;;;;;;;;;;;;;
20095;3252;;;;;;;;;;;;;;;;;;
20096;8748;;;;;;;;;;;;;;;;;;
20097;4267;;;;;;;;;;;;;;;;;;
20098;2856;;;;;;;;;;;;;;;;;;
20099;3338;;;;;;;;;;;;;;;;;;
20100;4034;;;;;;;;;;;;;;;;;;
20101;3624;;;;;;;;;;;;;;;;;;
20102;9716;;;;;;;;;;;;;;;;;;
20103;6852;;;;;;;;;;;;;;;;;;
20104;4265;;;;;;;;;;;;;;;;;;
20105;3468;;;;;;;;;;;;;;;;;;
20106;3226;;;;;;;;;;;;;;;;;;
20107;12148;;;;;;;;;;;;;;;;;;
20108;5055;;;;;;;;;;;;;;;;;;
20109;8649;;;;;;;;;;;;;;;;;;
20110;3374;;;;;;;;;;;;;;;;;;
20111;4308;;;;;;;;;;;;;;;;;;
20112;5788;;;;;;;;;;;;;;;;;;
20113;3433;;;;;;;;;;;;;;;;;;
20114;5674;;;;;;;;;;;;;;;;;;
20115;17192;;;;;;;;;;;;;;;;;;
20116;3740;;;;;;;;;;;;;;;;;;
20117;3610;;;;;;;;;;;;;;;;;;
20118;4149;;;;;;;;;;;;;;;;;;
20119;4333;;;;;;;;;;;;;;;;;;
20120;8584;;;;;;;;;;;;;;;;;;
20121;4760;;;;;;;;;;;;;;;;;;
20122;4331;;;;;;;;;;;;;;;;;;
20123;3852;;;;;;;;;;;;;;;;;;
20124;5528;;;;;;;;;;;;;;;;;;
20125;3329;;;;;;;;;;;;;;;;;;
20126;4352;;;;;;;;;;;;;;;;;;
20127;3584;;;;;;;;;;;;;;;;;;
20128;5431;;;;;;;;;;;;;;;;;;
20129;7205;;;;;;;;;;;;;;;;;;
20130;5170;;;;;;;;;;;;;;;;;;
20131;4812;;;;;;;;;;;;;;;;;;
20132;8268;;;;;;;;;;;;;;;;;;
20133;4108;;;;;;;;;;;;;;;;;;
20134;3445;;;;;;;;;;;;;;;;;;
20135;4876;;;;;;;;;;;;;;;;;;
20136;3728;;;;;;;;;;;;;;;;;;
20137;4325;;;;;;;;;;;;;;;;;;
20138;6130;;;;;;;;;;;;;;;;;;
20139;2501;;;;;;;;;;;;;;;;;;
20140;5326;;;;;;;;;;;;;;;;;;
20141;5781;;;;;;;;;;;;;;;;;;
20142;3420;;;;;;;;;;;;;;;;;;
20143;7940;;;;;;;;;;;;;;;;;;
20144;5913;;;;;;;;;;;;;;;;;;
20145;12298;;;;;;;;;;;;;;;;;;
20146;3040;;;;;;;;;;;;;;;;;;
20147;4212;;;;;;;;;;;;;;;;;;
20148;3083;;;;;;;;;;;;;;;;;;
20149;4672;;;;;;;;;;;;;;;;;;
20150;11115;;;;;;;;;;;;;;;;;;
20151;4234;;;;;;;;;;;;;;;;;;
20152;3136;;;;;;;;;;;;;;;;;;
20153;5663;;;;;;;;;;;;;;;;;;
20154;3362;;;;;;;;;;;;;;;;;;
20155;3971;;;;;;;;;;;;;;;;;;
20156;5411;;;;;;;;;;;;;;;;;;
20157;19494;;;;;;;;;;;;;;;;;;
20158;3227;;;;;;;;;;;;;;;;;;
20159;3196;;;;;;;;;;;;;;;;;;
20160;4002;;;;;;;;;;;;;;;;;;
20161;4271;;;;;;;;;;;;;;;;;;
20162;3351;;;;;;;;;;;;;;;;;;
20163;4382;;;;;;;;;;;;;;;;;;
20164;2851;;;;;;;;;;;;;;;;;;
20165;4415;;;;;;;;;;;;;;;;;;
20166;7581;;;;;;;;;;;;;;;;;;
20167;3630;;;;;;;;;;;;;;;;;;
20168;4206;;;;;;;;;;;;;;;;;;
20169;3208;;;;;;;;;;;;;;;;;;
20170;2952;;;;;;;;;;;;;;;;;;
20171;2752;;;;;;;;;;;;;;;;;;
20172;6505;;;;;;;;;;;;;;;;;;
20173;4209;;;;;;;;;;;;;;;;;;
20174;14394;;;;;;;;;;;;;;;;;;
20175;2572;;;;;;;;;;;;;;;;;;
20176;5008;;;;;;;;;;;;;;;;;;
20177;6132;;;;;;;;;;;;;;;;;;
20178;12802;;;;;;;;;;;;;;;;;;
20179;3875;;;;;;;;;;;;;;;;;;
20180;5243;;;;;;;;;;;;;;;;;;
20181;3692;;;;;;;;;;;;;;;;;;
20182;2756;;;;;;;;;;;;;;;;;;
20183;4215;;;;;;;;;;;;;;;;;;
20184;10383;;;;;;;;;;;;;;;;;;
20185;8526;;;;;;;;;;;;;;;;;;
20186;5059;;;;;;;;;;;;;;;;;;
20187;2992;;;;;;;;;;;;;;;;;;
20188;4717;;;;;;;;;;;;;;;;;;
20189;2655;;;;;;;;;;;;;;;;;;
20190;5669;;;;;;;;;;;;;;;;;;
20191;6445;;;;;;;;;;;;;;;;;;
20192;11406;;;;;;;;;;;;;;;;;;
20193;8020;;;;;;;;;;;;;;;;;;
20194;3591;;;;;;;;;;;;;;;;;;
20195;3597;;;;;;;;;;;;;;;;;;
20196;6161;;;;;;;;;;;;;;;;;;
20197;6709;;;;;;;;;;;;;;;;;;
20198;5529;;;;;;;;;;;;;;;;;;
20199;4173;;;;;;;;;;;;;;;;;;
20200;3455;;;;;;;;;;;;;;;;;;
20201;3381;;;;;;;;;;;;;;;;;;
20202;3614;;;;;;;;;;;;;;;;;;
20203;3076;;;;;;;;;;;;;;;;;;
20204;3976;;;;;;;;;;;;;;;;;;
20205;2962;;;;;;;;;;;;;;;;;;
20206;3858;;;;;;;;;;;;;;;;;;
20207;4072;;;;;;;;;;;;;;;;;;
20208;4442;;;;;;;;;;;;;;;;;;
20209;4662;;;;;;;;;;;;;;;;;;
20210;3513;;;;;;;;;;;;;;;;;;
20211;2918;;;;;;;;;;;;;;;;;;
20212;2511;;;;;;;;;;;;;;;;;;
20213;3147;;;;;;;;;;;;;;;;;;
20214;3287;;;;;;;;;;;;;;;;;;
20215;8148;;;;;;;;;;;;;;;;;;
20216;4992;;;;;;;;;;;;;;;;;;
20217;4486;;;;;;;;;;;;;;;;;;
20218;4038;;;;;;;;;;;;;;;;;;
20219;5646;;;;;;;;;;;;;;;;;;
20220;2195;;;;;;;;;;;;;;;;;;
20221;5724;;;;;;;;;;;;;;;;;;
20222;3637;;;;;;;;;;;;;;;;;;
20223;3210;;;;;;;;;;;;;;;;;;
20224;10384;;;;;;;;;;;;;;;;;;
20225;3605;;;;;;;;;;;;;;;;;;
20226;3462;;;;;;;;;;;;;;;;;;
20227;12870;;;;;;;;;;;;;;;;;;
20228;3096;;;;;;;;;;;;;;;;;;
20229;2698;;;;;;;;;;;;;;;;;;
20230;5211;;;;;;;;;;;;;;;;;;
20231;4134;;;;;;;;;;;;;;;;;;
20232;3578;;;;;;;;;;;;;;;;;;
20233;5202;;;;;;;;;;;;;;;;;;
20234;3422;;;;;;;;;;;;;;;;;;
20235;3576;;;;;;;;;;;;;;;;;;
20236;3160;;;;;;;;;;;;;;;;;;
20237;5579;;;;;;;;;;;;;;;;;;
20238;5828;;;;;;;;;;;;;;;;;;
20239;6246;;;;;;;;;;;;;;;;;;
20240;3223;;;;;;;;;;;;;;;;;;
20241;5107;;;;;;;;;;;;;;;;;;
20242;2981;;;;;;;;;;;;;;;;;;
20243;7582;;;;;;;;;;;;;;;;;;
20244;3496;;;;;;;;;;;;;;;;;;
20245;4113;;;;;;;;;;;;;;;;;;
20246;5080;;;;;;;;;;;;;;;;;;
20247;9438;;;;;;;;;;;;;;;;;;
20248;4516;;;;;;;;;;;;;;;;;;
20249;5525;;;;;;;;;;;;;;;;;;
20250;5415;;;;;;;;;;;;;;;;;;
20251;3364;;;;;;;;;;;;;;;;;;
20252;4116;;;;;;;;;;;;;;;;;;
20253;3677;;;;;;;;;;;;;;;;;;
20254;3806;;;;;;;;;;;;;;;;;;
20255;3706;;;;;;;;;;;;;;;;;;
20256;4999;;;;;;;;;;;;;;;;;;
20257;3125;;;;;;;;;;;;;;;;;;
20258;6984;;;;;;;;;;;;;;;;;;
20259;3634;;;;;;;;;;;;;;;;;;
20260;3569;;;;;;;;;;;;;;;;;;
20261;3265;;;;;;;;;;;;;;;;;;
20262;5373;;;;;;;;;;;;;;;;;;
20263;2994;;;;;;;;;;;;;;;;;;
20264;3837;;;;;;;;;;;;;;;;;;
20265;5104;;;;;;;;;;;;;;;;;;
20266;4100;;;;;;;;;;;;;;;;;;
20267;5759;;;;;;;;;;;;;;;;;;
20268;5786;;;;;;;;;;;;;;;;;;
20269;7927;;;;;;;;;;;;;;;;;;
20270;3584;;;;;;;;;;;;;;;;;;
20271;2960;;;;;;;;;;;;;;;;;;
20272;5047;;;;;;;;;;;;;;;;;;
20273;3878;;;;;;;;;;;;;;;;;;
20274;4598;;;;;;;;;;;;;;;;;;
20275;3776;;;;;;;;;;;;;;;;;;
20276;3392;;;;;;;;;;;;;;;;;;
20277;4530;;;;;;;;;;;;;;;;;;
20278;4837;;;;;;;;;;;;;;;;;;
20279;4293;;;;;;;;;;;;;;;;;;
20280;5685;;;;;;;;;;;;;;;;;;
20281;6306;;;;;;;;;;;;;;;;;;
20282;2644;;;;;;;;;;;;;;;;;;
20283;5298;;;;;;;;;;;;;;;;;;
20284;4235;;;;;;;;;;;;;;;;;;
20285;4647;;;;;;;;;;;;;;;;;;
20286;5587;;;;;;;;;;;;;;;;;;
20287;9069;;;;;;;;;;;;;;;;;;
20288;3474;;;;;;;;;;;;;;;;;;
20289;4136;;;;;;;;;;;;;;;;;;
20290;5376;;;;;;;;;;;;;;;;;;
20291;3439;;;;;;;;;;;;;;;;;;
20292;3185;;;;;;;;;;;;;;;;;;
20293;26614;;;;;;;;;;;;;;;;;;
20294;12118;;;;;;;;;;;;;;;;;;
20295;10988;;;;;;;;;;;;;;;;;;
20296;2616;;;;;;;;;;;;;;;;;;
20297;3436;;;;;;;;;;;;;;;;;;
20298;7281;;;;;;;;;;;;;;;;;;
20299;3558;;;;;;;;;;;;;;;;;;
20300;5556;;;;;;;;;;;;;;;;;;
20301;7206;;;;;;;;;;;;;;;;;;
20302;4150;;;;;;;;;;;;;;;;;;
20303;5125;;;;;;;;;;;;;;;;;;
20304;3586;;;;;;;;;;;;;;;;;;
20305;16716;;;;;;;;;;;;;;;;;;
20306;2997;;;;;;;;;;;;;;;;;;
20307;5503;;;;;;;;;;;;;;;;;;
20308;8465;;;;;;;;;;;;;;;;;;
20309;3841;;;;;;;;;;;;;;;;;;
20310;6890;;;;;;;;;;;;;;;;;;
20311;4152;;;;;;;;;;;;;;;;;;
20312;4458;;;;;;;;;;;;;;;;;;
20313;2934;;;;;;;;;;;;;;;;;;
20314;6020;;;;;;;;;;;;;;;;;;
20315;3919;;;;;;;;;;;;;;;;;;
20316;4774;;;;;;;;;;;;;;;;;;
20317;5473;;;;;;;;;;;;;;;;;;
20318;9172;;;;;;;;;;;;;;;;;;
20319;3659;;;;;;;;;;;;;;;;;;
20320;4911;;;;;;;;;;;;;;;;;;
20321;3908;;;;;;;;;;;;;;;;;;
20322;3454;;;;;;;;;;;;;;;;;;
20323;2679;;;;;;;;;;;;;;;;;;
20324;7787;;;;;;;;;;;;;;;;;;
20325;3962;;;;;;;;;;;;;;;;;;
20326;2562;;;;;;;;;;;;;;;;;;
20327;6736;;;;;;;;;;;;;;;;;;
20328;3264;;;;;;;;;;;;;;;;;;
20329;4971;;;;;;;;;;;;;;;;;;
20330;3067;;;;;;;;;;;;;;;;;;
20331;5404;;;;;;;;;;;;;;;;;;
20332;5694;;;;;;;;;;;;;;;;;;
20333;5032;;;;;;;;;;;;;;;;;;
20334;5251;;;;;;;;;;;;;;;;;;
20335;3393;;;;;;;;;;;;;;;;;;
20336;3452;;;;;;;;;;;;;;;;;;
20337;3687;;;;;;;;;;;;;;;;;;
20338;16103;;;;;;;;;;;;;;;;;;
20339;8198;;;;;;;;;;;;;;;;;;
20340;4843;;;;;;;;;;;;;;;;;;
20341;3961;;;;;;;;;;;;;;;;;;
20342;8399;;;;;;;;;;;;;;;;;;
20343;4692;;;;;;;;;;;;;;;;;;
20344;3196;;;;;;;;;;;;;;;;;;
20345;5219;;;;;;;;;;;;;;;;;;
20346;4801;;;;;;;;;;;;;;;;;;
20347;3549;;;;;;;;;;;;;;;;;;
20348;4726;;;;;;;;;;;;;;;;;;
20349;6901;;;;;;;;;;;;;;;;;;
20350;27060;;;;;;;;;;;;;;;;;;
20351;4599;;;;;;;;;;;;;;;;;;
20352;2098;;;;;;;;;;;;;;;;;;
20353;4816;;;;;;;;;;;;;;;;;;
20354;2463;;;;;;;;;;;;;;;;;;
20355;3372;;;;;;;;;;;;;;;;;;
20356;6461;;;;;;;;;;;;;;;;;;
20357;4154;;;;;;;;;;;;;;;;;;
20358;6088;;;;;;;;;;;;;;;;;;
20359;6380;;;;;;;;;;;;;;;;;;
20360;6149;;;;;;;;;;;;;;;;;;
20361;3388;;;;;;;;;;;;;;;;;;
20362;5488;;;;;;;;;;;;;;;;;;
20363;7186;;;;;;;;;;;;;;;;;;
20364;5506;;;;;;;;;;;;;;;;;;
20365;4457;;;;;;;;;;;;;;;;;;
20366;4195;;;;;;;;;;;;;;;;;;
20367;5093;;;;;;;;;;;;;;;;;;
20368;5592;;;;;;;;;;;;;;;;;;
20369;7698;;;;;;;;;;;;;;;;;;
20370;6581;;;;;;;;;;;;;;;;;;
20371;4823;;;;;;;;;;;;;;;;;;
20372;4615;;;;;;;;;;;;;;;;;;
20373;3704;;;;;;;;;;;;;;;;;;
20374;3395;;;;;;;;;;;;;;;;;;
20375;17712;;;;;;;;;;;;;;;;;;
20376;6044;;;;;;;;;;;;;;;;;;
20377;3703;;;;;;;;;;;;;;;;;;
20378;5822;;;;;;;;;;;;;;;;;;
20379;3805;;;;;;;;;;;;;;;;;;
20380;5501;;;;;;;;;;;;;;;;;;
20381;5018;;;;;;;;;;;;;;;;;;
20382;3941;;;;;;;;;;;;;;;;;;
20383;4578;;;;;;;;;;;;;;;;;;
20384;4774;;;;;;;;;;;;;;;;;;
20385;13400;;;;;;;;;;;;;;;;;;
20386;2930;;;;;;;;;;;;;;;;;;
20387;6829;;;;;;;;;;;;;;;;;;
20388;3079;;;;;;;;;;;;;;;;;;
20389;4078;;;;;;;;;;;;;;;;;;
20390;19621;;;;;;;;;;;;;;;;;;
20391;2736;;;;;;;;;;;;;;;;;;
20392;3872;;;;;;;;;;;;;;;;;;
20393;5370;;;;;;;;;;;;;;;;;;
20394;3785;;;;;;;;;;;;;;;;;;
20395;3588;;;;;;;;;;;;;;;;;;
20396;3147;;;;;;;;;;;;;;;;;;
20397;9740;;;;;;;;;;;;;;;;;;
20398;5927;;;;;;;;;;;;;;;;;;
20399;12160;;;;;;;;;;;;;;;;;;
20400;5379;;;;;;;;;;;;;;;;;;
20401;6888;;;;;;;;;;;;;;;;;;
20402;4685;;;;;;;;;;;;;;;;;;
20403;9389;;;;;;;;;;;;;;;;;;
20404;5485;;;;;;;;;;;;;;;;;;
20405;5588;;;;;;;;;;;;;;;;;;
20406;2783;;;;;;;;;;;;;;;;;;
20407;3545;;;;;;;;;;;;;;;;;;
20408;5846;;;;;;;;;;;;;;;;;;
20409;23912;;;;;;;;;;;;;;;;;;
20410;3545;;;;;;;;;;;;;;;;;;
20411;7818;;;;;;;;;;;;;;;;;;
20412;3531;;;;;;;;;;;;;;;;;;
20413;10459;;;;;;;;;;;;;;;;;;
20414;5603;;;;;;;;;;;;;;;;;;
20415;4103;;;;;;;;;;;;;;;;;;
20416;4344;;;;;;;;;;;;;;;;;;
20417;4923;;;;;;;;;;;;;;;;;;
20418;10432;;;;;;;;;;;;;;;;;;
20419;6364;;;;;;;;;;;;;;;;;;
20420;3313;;;;;;;;;;;;;;;;;;
20421;10018;;;;;;;;;;;;;;;;;;
20422;4955;;;;;;;;;;;;;;;;;;
20423;3720;;;;;;;;;;;;;;;;;;
20424;3168;;;;;;;;;;;;;;;;;;
20425;3453;;;;;;;;;;;;;;;;;;
20426;3986;;;;;;;;;;;;;;;;;;
20427;7779;;;;;;;;;;;;;;;;;;
20428;2119;;;;;;;;;;;;;;;;;;
20429;4648;;;;;;;;;;;;;;;;;;
20430;4245;;;;;;;;;;;;;;;;;;
20431;4378;;;;;;;;;;;;;;;;;;
20432;4304;;;;;;;;;;;;;;;;;;
20433;3045;;;;;;;;;;;;;;;;;;
20434;3121;;;;;;;;;;;;;;;;;;
20435;3182;;;;;;;;;;;;;;;;;;
20436;3493;;;;;;;;;;;;;;;;;;
20437;5650;;;;;;;;;;;;;;;;;;
20438;2679;;;;;;;;;;;;;;;;;;
20439;3681;;;;;;;;;;;;;;;;;;
20440;3075;;;;;;;;;;;;;;;;;;
20441;6103;;;;;;;;;;;;;;;;;;
20442;6223;;;;;;;;;;;;;;;;;;
20443;5282;;;;;;;;;;;;;;;;;;
20444;3839;;;;;;;;;;;;;;;;;;
20445;3763;;;;;;;;;;;;;;;;;;
20446;3967;;;;;;;;;;;;;;;;;;
20447;4462;;;;;;;;;;;;;;;;;;
20448;2562;;;;;;;;;;;;;;;;;;
20449;3879;;;;;;;;;;;;;;;;;;
20450;2765;;;;;;;;;;;;;;;;;;
20451;3841;;;;;;;;;;;;;;;;;;
20452;4919;;;;;;;;;;;;;;;;;;
20453;6410;;;;;;;;;;;;;;;;;;
20454;3000;;;;;;;;;;;;;;;;;;
20455;3639;;;;;;;;;;;;;;;;;;
20456;4601;;;;;;;;;;;;;;;;;;
20457;2850;;;;;;;;;;;;;;;;;;
20458;5026;;;;;;;;;;;;;;;;;;
20459;5018;;;;;;;;;;;;;;;;;;
20460;3148;;;;;;;;;;;;;;;;;;
20461;4093;;;;;;;;;;;;;;;;;;
20462;8103;;;;;;;;;;;;;;;;;;
20463;3580;;;;;;;;;;;;;;;;;;
20464;4408;;;;;;;;;;;;;;;;;;
20465;2816;;;;;;;;;;;;;;;;;;
20466;2949;;;;;;;;;;;;;;;;;;
20467;6265;;;;;;;;;;;;;;;;;;
20468;2940;;;;;;;;;;;;;;;;;;
20469;4879;;;;;;;;;;;;;;;;;;
20470;3655;;;;;;;;;;;;;;;;;;
20471;3599;;;;;;;;;;;;;;;;;;
20472;11072;;;;;;;;;;;;;;;;;;
20473;4061;;;;;;;;;;;;;;;;;;
20474;5993;;;;;;;;;;;;;;;;;;
20475;5819;;;;;;;;;;;;;;;;;;
20476;4864;;;;;;;;;;;;;;;;;;
20477;3498;;;;;;;;;;;;;;;;;;
20478;3747;;;;;;;;;;;;;;;;;;
20479;5381;;;;;;;;;;;;;;;;;;
20480;3997;;;;;;;;;;;;;;;;;;
20481;3566;;;;;;;;;;;;;;;;;;
20482;7639;;;;;;;;;;;;;;;;;;
20483;8177;;;;;;;;;;;;;;;;;;
20484;4815;;;;;;;;;;;;;;;;;;
20485;3428;;;;;;;;;;;;;;;;;;
20486;5927;;;;;;;;;;;;;;;;;;
20487;6518;;;;;;;;;;;;;;;;;;
20488;6621;;;;;;;;;;;;;;;;;;
20489;3694;;;;;;;;;;;;;;;;;;
20490;2938;;;;;;;;;;;;;;;;;;
20491;2406;;;;;;;;;;;;;;;;;;
20492;4103;;;;;;;;;;;;;;;;;;
20493;7700;;;;;;;;;;;;;;;;;;
20494;3040;;;;;;;;;;;;;;;;;;
20495;3109;;;;;;;;;;;;;;;;;;
20496;7633;;;;;;;;;;;;;;;;;;
20497;4286;;;;;;;;;;;;;;;;;;
20498;3114;;;;;;;;;;;;;;;;;;
20499;8354;;;;;;;;;;;;;;;;;;
20500;4469;;;;;;;;;;;;;;;;;;
20501;5215;;;;;;;;;;;;;;;;;;
20502;3398;;;;;;;;;;;;;;;;;;
20503;4612;;;;;;;;;;;;;;;;;;
20504;4505;;;;;;;;;;;;;;;;;;
20505;10356;;;;;;;;;;;;;;;;;;
20506;4640;;;;;;;;;;;;;;;;;;
20507;4859;;;;;;;;;;;;;;;;;;
20508;9676;;;;;;;;;;;;;;;;;;
20509;3307;;;;;;;;;;;;;;;;;;
20510;4206;;;;;;;;;;;;;;;;;;
20511;3535;;;;;;;;;;;;;;;;;;
20512;2960;;;;;;;;;;;;;;;;;;
20513;5700;;;;;;;;;;;;;;;;;;
20514;2937;;;;;;;;;;;;;;;;;;
20515;10824;;;;;;;;;;;;;;;;;;
20516;3584;;;;;;;;;;;;;;;;;;
20517;3253;;;;;;;;;;;;;;;;;;
20518;4478;;;;;;;;;;;;;;;;;;
20519;7573;;;;;;;;;;;;;;;;;;
20520;5842;;;;;;;;;;;;;;;;;;
20521;3299;;;;;;;;;;;;;;;;;;
20522;3943;;;;;;;;;;;;;;;;;;
20523;8664;;;;;;;;;;;;;;;;;;
20524;3861;;;;;;;;;;;;;;;;;;
20525;7623;;;;;;;;;;;;;;;;;;
20526;4874;;;;;;;;;;;;;;;;;;
20527;3108;;;;;;;;;;;;;;;;;;
20528;3829;;;;;;;;;;;;;;;;;;
20529;2340;;;;;;;;;;;;;;;;;;
20530;5201;;;;;;;;;;;;;;;;;;
20531;6700;;;;;;;;;;;;;;;;;;
20532;4067;;;;;;;;;;;;;;;;;;
20533;7198;;;;;;;;;;;;;;;;;;
20534;4324;;;;;;;;;;;;;;;;;;
20535;3880;;;;;;;;;;;;;;;;;;
20536;4532;;;;;;;;;;;;;;;;;;
20537;4687;;;;;;;;;;;;;;;;;;
20538;4944;;;;;;;;;;;;;;;;;;
20539;11238;;;;;;;;;;;;;;;;;;
20540;11415;;;;;;;;;;;;;;;;;;
20541;3869;;;;;;;;;;;;;;;;;;
20542;4945;;;;;;;;;;;;;;;;;;
20543;3827;;;;;;;;;;;;;;;;;;
20544;5657;;;;;;;;;;;;;;;;;;
20545;10598;;;;;;;;;;;;;;;;;;
20546;6491;;;;;;;;;;;;;;;;;;
20547;6236;;;;;;;;;;;;;;;;;;
20548;3920;;;;;;;;;;;;;;;;;;
20549;5347;;;;;;;;;;;;;;;;;;
20550;8759;;;;;;;;;;;;;;;;;;
20551;10564;;;;;;;;;;;;;;;;;;
20552;4499;;;;;;;;;;;;;;;;;;
20553;12961;;;;;;;;;;;;;;;;;;
20554;2919;;;;;;;;;;;;;;;;;;
20555;6799;;;;;;;;;;;;;;;;;;
20556;5413;;;;;;;;;;;;;;;;;;
20557;11545;;;;;;;;;;;;;;;;;;
20558;5942;;;;;;;;;;;;;;;;;;
20559;5960;;;;;;;;;;;;;;;;;;
20560;5945;;;;;;;;;;;;;;;;;;
20561;5881;;;;;;;;;;;;;;;;;;
20562;5725;;;;;;;;;;;;;;;;;;
20563;3575;;;;;;;;;;;;;;;;;;
20564;4734;;;;;;;;;;;;;;;;;;
20565;7895;;;;;;;;;;;;;;;;;;
20566;4337;;;;;;;;;;;;;;;;;;
20567;3506;;;;;;;;;;;;;;;;;;
20568;5520;;;;;;;;;;;;;;;;;;
20569;5075;;;;;;;;;;;;;;;;;;
20570;7661;;;;;;;;;;;;;;;;;;
21001;6724;;;;;;;;;;;;;;;;;;
21002;5507;;;;;;;;;;;;;;;;;;
21003;7730;;;;;;;;;;;;;;;;;;
21004;6826;;;;;;;;;;;;;;;;;;
21005;3779;;;;;;;;;;;;;;;;;;
21006;3776;;;;;;;;;;;;;;;;;;
21007;3720;;;;;;;;;;;;;;;;;;
21008;6981;;;;;;;;;;;;;;;;;;
21009;7033;;;;;;;;;;;;;;;;;;
21010;5605;;;;;;;;;;;;;;;;;;
21011;3118;;;;;;;;;;;;;;;;;;
21012;5115;;;;;;;;;;;;;;;;;;
21013;7881;;;;;;;;;;;;;;;;;;
21014;4555;;;;;;;;;;;;;;;;;;
21015;10136;;;;;;;;;;;;;;;;;;
21016;4747;;;;;;;;;;;;;;;;;;
21017;5223;;;;;;;;;;;;;;;;;;
21018;3849;;;;;;;;;;;;;;;;;;
21019;12217;;;;;;;;;;;;;;;;;;
21020;6489;;;;;;;;;;;;;;;;;;
21021;7719;;;;;;;;;;;;;;;;;;
21022;4552;;;;;;;;;;;;;;;;;;
21023;3960;;;;;;;;;;;;;;;;;;
21024;4849;;;;;;;;;;;;;;;;;;
21025;6509;;;;;;;;;;;;;;;;;;
21026;5836;;;;;;;;;;;;;;;;;;
21027;5007;;;;;;;;;;;;;;;;;;
21028;3037;;;;;;;;;;;;;;;;;;
21029;6539;;;;;;;;;;;;;;;;;;
21030;3475;;;;;;;;;;;;;;;;;;
21031;4992;;;;;;;;;;;;;;;;;;
21032;3959;;;;;;;;;;;;;;;;;;
21033;4627;;;;;;;;;;;;;;;;;;
21034;7026;;;;;;;;;;;;;;;;;;
21035;7266;;;;;;;;;;;;;;;;;;
21036;2447;;;;;;;;;;;;;;;;;;
21037;6996;;;;;;;;;;;;;;;;;;
21038;5594;;;;;;;;;;;;;;;;;;
21039;3661;;;;;;;;;;;;;;;;;;
21040;4686;;;;;;;;;;;;;;;;;;
21041;16068;;;;;;;;;;;;;;;;;;
21042;3977;;;;;;;;;;;;;;;;;;
21043;4421;;;;;;;;;;;;;;;;;;
21044;5493;;;;;;;;;;;;;;;;;;
21045;7251;;;;;;;;;;;;;;;;;;
21046;6909;;;;;;;;;;;;;;;;;;
21047;9515;;;;;;;;;;;;;;;;;;
21048;5864;;;;;;;;;;;;;;;;;;
21049;3187;;;;;;;;;;;;;;;;;;
21050;3003;;;;;;;;;;;;;;;;;;
21051;8907;;;;;;;;;;;;;;;;;;
21052;5554;;;;;;;;;;;;;;;;;;
21053;6406;;;;;;;;;;;;;;;;;;
21054;6032;;;;;;;;;;;;;;;;;;
21055;6192;;;;;;;;;;;;;;;;;;
21056;3765;;;;;;;;;;;;;;;;;;
21057;4607;;;;;;;;;;;;;;;;;;
21058;3581;;;;;;;;;;;;;;;;;;
21059;6006;;;;;;;;;;;;;;;;;;
21060;5012;;;;;;;;;;;;;;;;;;
21061;2486;;;;;;;;;;;;;;;;;;
21062;4848;;;;;;;;;;;;;;;;;;
21063;6761;;;;;;;;;;;;;;;;;;
21064;5485;;;;;;;;;;;;;;;;;;
21065;5610;;;;;;;;;;;;;;;;;;
21066;4346;;;;;;;;;;;;;;;;;;
21067;6270;;;;;;;;;;;;;;;;;;
21068;3409;;;;;;;;;;;;;;;;;;
21069;4757;;;;;;;;;;;;;;;;;;
21070;4241;;;;;;;;;;;;;;;;;;
21071;8640;;;;;;;;;;;;;;;;;;
21072;3639;;;;;;;;;;;;;;;;;;
21073;6516;;;;;;;;;;;;;;;;;;
21074;9403;;;;;;;;;;;;;;;;;;
21075;4826;;;;;;;;;;;;;;;;;;
21076;4780;;;;;;;;;;;;;;;;;;
21077;3158;;;;;;;;;;;;;;;;;;
21078;3444;;;;;;;;;;;;;;;;;;
21079;6434;;;;;;;;;;;;;;;;;;
21080;3775;;;;;;;;;;;;;;;;;;
21081;3743;;;;;;;;;;;;;;;;;;
21082;8740;;;;;;;;;;;;;;;;;;
21083;4338;;;;;;;;;;;;;;;;;;
21084;3935;;;;;;;;;;;;;;;;;;
21085;9541;;;;;;;;;;;;;;;;;;
21086;4436;;;;;;;;;;;;;;;;;;
21087;4301;;;;;;;;;;;;;;;;;;
21088;4598;;;;;;;;;;;;;;;;;;
21089;3460;;;;;;;;;;;;;;;;;;
21090;8070;;;;;;;;;;;;;;;;;;
21091;10094;;;;;;;;;;;;;;;;;;
21092;3952;;;;;;;;;;;;;;;;;;
21093;3945;;;;;;;;;;;;;;;;;;
21094;7064;;;;;;;;;;;;;;;;;;
21095;5941;;;;;;;;;;;;;;;;;;
21096;3987;;;;;;;;;;;;;;;;;;
21097;7725;;;;;;;;;;;;;;;;;;
21098;4951;;;;;;;;;;;;;;;;;;
21099;4587;;;;;;;;;;;;;;;;;;
21100;3339;;;;;;;;;;;;;;;;;;
21101;5032;;;;;;;;;;;;;;;;;;
21102;5724;;;;;;;;;;;;;;;;;;
21103;6636;;;;;;;;;;;;;;;;;;
21104;7116;;;;;;;;;;;;;;;;;;
21105;4256;;;;;;;;;;;;;;;;;;
21106;5350;;;;;;;;;;;;;;;;;;
21107;3214;;;;;;;;;;;;;;;;;;
21108;6735;;;;;;;;;;;;;;;;;;
21109;4778;;;;;;;;;;;;;;;;;;
21110;5345;;;;;;;;;;;;;;;;;;
21111;4910;;;;;;;;;;;;;;;;;;
21112;6028;;;;;;;;;;;;;;;;;;
21113;5025;;;;;;;;;;;;;;;;;;
21114;19303;;;;;;;;;;;;;;;;;;
21115;5389;;;;;;;;;;;;;;;;;;
21116;2961;;;;;;;;;;;;;;;;;;
21117;9557;;;;;;;;;;;;;;;;;;
21118;4856;;;;;;;;;;;;;;;;;;
21119;11325;;;;;;;;;;;;;;;;;;
21120;3779;;;;;;;;;;;;;;;;;;
21121;3764;;;;;;;;;;;;;;;;;;
21122;6196;;;;;;;;;;;;;;;;;;
21123;3296;;;;;;;;;;;;;;;;;;
21124;7043;;;;;;;;;;;;;;;;;;
21125;10320;;;;;;;;;;;;;;;;;;
21126;4371;;;;;;;;;;;;;;;;;;
21127;4326;;;;;;;;;;;;;;;;;;
21128;5431;;;;;;;;;;;;;;;;;;
21129;5760;;;;;;;;;;;;;;;;;;
21130;4939;;;;;;;;;;;;;;;;;;
21131;5136;;;;;;;;;;;;;;;;;;
21132;11580;;;;;;;;;;;;;;;;;;
21133;4676;;;;;;;;;;;;;;;;;;
21134;8057;;;;;;;;;;;;;;;;;;
21135;4570;;;;;;;;;;;;;;;;;;
21136;14733;;;;;;;;;;;;;;;;;;
21137;4890;;;;;;;;;;;;;;;;;;
21138;5580;;;;;;;;;;;;;;;;;;
21139;4825;;;;;;;;;;;;;;;;;;
21140;15109;;;;;;;;;;;;;;;;;;
21141;5024;;;;;;;;;;;;;;;;;;
21142;6605;;;;;;;;;;;;;;;;;;
21143;7783;;;;;;;;;;;;;;;;;;
21144;7196;;;;;;;;;;;;;;;;;;
21145;2660;;;;;;;;;;;;;;;;;;
21146;4664;;;;;;;;;;;;;;;;;;
21147;5233;;;;;;;;;;;;;;;;;;
21148;4200;;;;;;;;;;;;;;;;;;
21149;8496;;;;;;;;;;;;;;;;;;
21150;4240;;;;;;;;;;;;;;;;;;
21151;8384;;;;;;;;;;;;;;;;;;
21152;5598;;;;;;;;;;;;;;;;;;
21153;7891;;;;;;;;;;;;;;;;;;
21154;8177;;;;;;;;;;;;;;;;;;
21155;8670;;;;;;;;;;;;;;;;;;
21156;11280;;;;;;;;;;;;;;;;;;
21157;7146;;;;;;;;;;;;;;;;;;
21158;5128;;;;;;;;;;;;;;;;;;
21159;5030;;;;;;;;;;;;;;;;;;
21160;4740;;;;;;;;;;;;;;;;;;
21161;7156;;;;;;;;;;;;;;;;;;
21162;4676;;;;;;;;;;;;;;;;;;
21163;6023;;;;;;;;;;;;;;;;;;
21164;7198;;;;;;;;;;;;;;;;;;
21165;3438;;;;;;;;;;;;;;;;;;
21166;6005;;;;;;;;;;;;;;;;;;
21167;3405;;;;;;;;;;;;;;;;;;
21168;4900;;;;;;;;;;;;;;;;;;
21169;6009;;;;;;;;;;;;;;;;;;
21170;4068;;;;;;;;;;;;;;;;;;
21171;7382;;;;;;;;;;;;;;;;;;
21172;5375;;;;;;;;;;;;;;;;;;
21173;13872;;;;;;;;;;;;;;;;;;
21174;12253;;;;;;;;;;;;;;;;;;
21175;5542;;;;;;;;;;;;;;;;;;
21176;7728;;;;;;;;;;;;;;;;;;
21177;5976;;;;;;;;;;;;;;;;;;
21178;2870;;;;;;;;;;;;;;;;;;
21179;5481;;;;;;;;;;;;;;;;;;
21180;5778;;;;;;;;;;;;;;;;;;
21181;8102;;;;;;;;;;;;;;;;;;
21182;5894;;;;;;;;;;;;;;;;;;
21183;3732;;;;;;;;;;;;;;;;;;
21184;3257;;;;;;;;;;;;;;;;;;
21185;4875;;;;;;;;;;;;;;;;;;
21186;7709;;;;;;;;;;;;;;;;;;
21187;3631;;;;;;;;;;;;;;;;;;
21188;5238;;;;;;;;;;;;;;;;;;
21189;7011;;;;;;;;;;;;;;;;;;
21190;5847;;;;;;;;;;;;;;;;;;
21191;5696;;;;;;;;;;;;;;;;;;
21192;4949;;;;;;;;;;;;;;;;;;
21193;2986;;;;;;;;;;;;;;;;;;
21194;7047;;;;;;;;;;;;;;;;;;
21195;3586;;;;;;;;;;;;;;;;;;
21196;7701;;;;;;;;;;;;;;;;;;
21197;6765;;;;;;;;;;;;;;;;;;
21198;4164;;;;;;;;;;;;;;;;;;
21199;4706;;;;;;;;;;;;;;;;;;
21200;4392;;;;;;;;;;;;;;;;;;
21201;4536;;;;;;;;;;;;;;;;;;
21202;5106;;;;;;;;;;;;;;;;;;
21203;6095;;;;;;;;;;;;;;;;;;
21204;7837;;;;;;;;;;;;;;;;;;
21205;5851;;;;;;;;;;;;;;;;;;
21206;4816;;;;;;;;;;;;;;;;;;
21207;5886;;;;;;;;;;;;;;;;;;
21208;8496;;;;;;;;;;;;;;;;;;
21209;6417;;;;;;;;;;;;;;;;;;
21210;3997;;;;;;;;;;;;;;;;;;
21211;11663;;;;;;;;;;;;;;;;;;
21212;5267;;;;;;;;;;;;;;;;;;
21213;3059;;;;;;;;;;;;;;;;;;
21214;6785;;;;;;;;;;;;;;;;;;
21215;5399;;;;;;;;;;;;;;;;;;
21216;5009;;;;;;;;;;;;;;;;;;
21217;3231;;;;;;;;;;;;;;;;;;
22001;6089;;;;;;;;;;;;;;;;;;
22002;4487;;;;;;;;;;;;;;;;;;
22003;6317;;;;;;;;;;;;;;;;;;
22004;6948;;;;;;;;;;;;;;;;;;
22005;7942;;;;;;;;;;;;;;;;;;
22006;27885;;;;;;;;;;;;;;;;;;
22007;9402;;;;;;;;;;;;;;;;;;
22008;7135;;;;;;;;;;;;;;;;;;
22009;8855;;;;;;;;;;;;;;;;;;
22010;4780;;;;;;;;;;;;;;;;;;
22011;9551;;;;;;;;;;;;;;;;;;
22012;11591;;;;;;;;;;;;;;;;;;
22013;6273;;;;;;;;;;;;;;;;;;
22014;20782;;;;;;;;;;;;;;;;;;
22015;5670;;;;;;;;;;;;;;;;;;
22016;15470;;;;;;;;;;;;;;;;;;
22017;10921;;;;;;;;;;;;;;;;;;
22018;7843;;;;;;;;;;;;;;;;;;
23001;15772;;;;;;;;;;;;;;;;;;
23002;6533;;;;;;;;;;;;;;;;;;
23003;12832;;;;;;;;;;;;;;;;;;
23004;12477;;;;;;;;;;;;;;;;;;
23005;19999;;;;;;;;;;;;;;;;;;
23006;6071;;;;;;;;;;;;;;;;;;
23007;5979;;;;;;;;;;;;;;;;;;
23008;18858;;;;;;;;;;;;;;;;;;
23009;9913;;;;;;;;;;;;;;;;;;
24001;8552;;;;;;;;;;;;;;;;;;
24002;4339;;;;;;;;;;;;;;;;;;
24003;3879;;;;;;;;;;;;;;;;;;
24004;5343;;;;;;;;;;;;;;;;;;
24005;10605;;;;;;;;;;;;;;;;;;
24006;6726;;;;;;;;;;;;;;;;;;
24007;8296;;;;;;;;;;;;;;;;;;
24008;9104;;;;;;;;;;;;;;;;;;
24009;12402;;;;;;;;;;;;;;;;;;
24010;5988;;;;;;;;;;;;;;;;;;
24011;9394;;;;;;;;;;;;;;;;;;
24012;6846;;;;;;;;;;;;;;;;;;
24013;14023;;;;;;;;;;;;;;;;;;
24014;4942;;;;;;;;;;;;;;;;;;
24015;7612;;;;;;;;;;;;;;;;;;
24016;9673;;;;;;;;;;;;;;;;;;
24017;4266;;;;;;;;;;;;;;;;;;
24018;5242;;;;;;;;;;;;;;;;;;
24019;5041;;;;;;;;;;;;;;;;;;
24020;13411;;;;;;;;;;;;;;;;;;
24021;6429;;;;;;;;;;;;;;;;;;
24022;5678;;;;;;;;;;;;;;;;;;
24023;7400;;;;;;;;;;;;;;;;;;
24024;8970;;;;;;;;;;;;;;;;;;
24025;8090;;;;;;;;;;;;;;;;;;
24026;4135;;;;;;;;;;;;;;;;;;
24027;8539;;;;;;;;;;;;;;;;;;
24028;19439;;;;;;;;;;;;;;;;;;
24029;5086;;;;;;;;;;;;;;;;;;
24030;6800;;;;;;;;;;;;;;;;;;
24031;3208;;;;;;;;;;;;;;;;;;
24032;7098;;;;;;;;;;;;;;;;;;
24033;6307;;;;;;;;;;;;;;;;;;
24034;6677;;;;;;;;;;;;;;;;;;
24035;13601;;;;;;;;;;;;;;;;;;
24036;6980;;;;;;;;;;;;;;;;;;
24037;6644;;;;;;;;;;;;;;;;;;
24038;6011;;;;;;;;;;;;;;;;;;
24039;4877;;;;;;;;;;;;;;;;;;
24040;8672;;;;;;;;;;;;;;;;;;
24041;4343;;;;;;;;;;;;;;;;;;
24042;7080;;;;;;;;;;;;;;;;;;
24043;7173;;;;;;;;;;;;;;;;;;
24044;6863;;;;;;;;;;;;;;;;;;
24045;8366;;;;;;;;;;;;;;;;;;
24046;6024;;;;;;;;;;;;;;;;;;
24047;4667;;;;;;;;;;;;;;;;;;
24048;9468;;;;;;;;;;;;;;;;;;
24049;4989;;;;;;;;;;;;;;;;;;
24050;7233;;;;;;;;;;;;;;;;;;
24051;7354;;;;;;;;;;;;;;;;;;
24052;6557;;;;;;;;;;;;;;;;;;
24053;6896;;;;;;;;;;;;;;;;;;
24054;4778;;;;;;;;;;;;;;;;;;
24055;6941;;;;;;;;;;;;;;;;;;
24056;6395;;;;;;;;;;;;;;;;;;
24057;5287;;;;;;;;;;;;;;;;;;
24058;8161;;;;;;;;;;;;;;;;;;
25001;16401;;;;;;;;;;;;;;;;;;
25002;9755;;;;;;;;;;;;;;;;;;
25003;5820;;;;;;;;;;;;;;;;;;
25004;8642;;;;;;;;;;;;;;;;;;
25005;7306;;;;;;;;;;;;;;;;;;
25006;17190;;;;;;;;;;;;;;;;;;
25007;5710;;;;;;;;;;;;;;;;;;
25008;8158;;;;;;;;;;;;;;;;;;
25009;11354;;;;;;;;;;;;;;;;;;
25010;8797;;;;;;;;;;;;;;;;;;
25011;12599;;;;;;;;;;;;;;;;;;
25012;17087;;;;;;;;;;;;;;;;;;
25013;8048;;;;;;;;;;;;;;;;;;
25014;8260;;;;;;;;;;;;;;;;;;
25015;16099;;;;;;;;;;;;;;;;;;
25016;7747;;;;;;;;;;;;;;;;;;
25017;6816;;;;;;;;;;;;;;;;;;
25018;12135;;;;;;;;;;;;;;;;;;
26001;9694;;;;;;;;;;;;;;;;;;
26002;13355;;;;;;;;;;;;;;;;;;
26003;8156;;;;;;;;;;;;;;;;;;
26004;16640;;;;;;;;;;;;;;;;;;
26005;9077;;;;;;;;;;;;;;;;;;
26006;8746;;;;;;;;;;;;;;;;;;
26007;8980;;;;;;;;;;;;;;;;;;
26008;7958;;;;;;;;;;;;;;;;;;
26009;7913;;;;;;;;;;;;;;;;;;
26010;8398;;;;;;;;;;;;;;;;;;
26011;9399;;;;;;;;;;;;;;;;;;
26012;10956;;;;;;;;;;;;;;;;;;
26013;10387;;;;;;;;;;;;;;;;;;
26014;9325;;;;;;;;;;;;;;;;;;
26015;7643;;;;;;;;;;;;;;;;;;
26016;13178;;;;;;;;;;;;;;;;;;
26017;13926;;;;;;;;;;;;;;;;;;
26018;18765;;;;;;;;;;;;;;;;;;
26019;15103;;;;;;;;;;;;;;;;;;
26020;15339;;;;;;;;;;;;;;;;;;
26021;8768;;;;;;;;;;;;;;;;;;
26022;8188;;;;;;;;;;;;;;;;;;
26023;13318;;;;;;;;;;;;;;;;;;
26024;9086;;;;;;;;;;;;;;;;;;
26025;14683;;;;;;;;;;;;;;;;;;
26026;8922;;;;;;;;;;;;;;;;;;
26027;11324;;;;;;;;;;;;;;;;;;
26028;10406;;;;;;;;;;;;;;;;;;
26029;16981;;;;;;;;;;;;;;;;;;
26030;20831;;;;;;;;;;;;;;;;;;
26031;8140;;;;;;;;;;;;;;;;;;
26032;10149;;;;;;;;;;;;;;;;;;
26033;9914;;;;;;;;;;;;;;;;;;
26034;11688;;;;;;;;;;;;;;;;;;
26035;11702;;;;;;;;;;;;;;;;;;
26036;13815;;;;;;;;;;;;;;;;;;
26037;10771;;;;;;;;;;;;;;;;;;
26038;15586;;;;;;;;;;;;;;;;;;
26039;13057;;;;;;;;;;;;;;;;;;
26040;7318;;;;;;;;;;;;;;;;;;
26041;14699;;;;;;;;;;;;;;;;;;
26042;15954;;;;;;;;;;;;;;;;;;
26043;16975;;;;;;;;;;;;;;;;;;
26044;7627;;;;;;;;;;;;;;;;;;
26045;8432;;;;;;;;;;;;;;;;;;
26046;10230;;;;;;;;;;;;;;;;;;
26047;15716;;;;;;;;;;;;;;;;;;
26048;14424;;;;;;;;;;;;;;;;;;
26049;11290;;;;;;;;;;;;;;;;;;
26050;10067;;;;;;;;;;;;;;;;;;
26051;8128;;;;;;;;;;;;;;;;;;
26052;9661;;;;;;;;;;;;;;;;;;
26053;9322;;;;;;;;;;;;;;;;;;
26054;16506;;;;;;;;;;;;;;;;;;
26055;15578;;;;;;;;;;;;;;;;;;
26056;8325;;;;;;;;;;;;;;;;;;
26057;9133;;;;;;;;;;;;;;;;;;
26058;14644;;;;;;;;;;;;;;;;;;
26059;9487;;;;;;;;;;;;;;;;;;
26060;8186;;;;;;;;;;;;;;;;;;
26061;9334;;;;;;;;;;;;;;;;;;
26062;8151;;;;;;;;;;;;;;;;;;
26063;7475;;;;;;;;;;;;;;;;;;
26064;7678;;;;;;;;;;;;;;;;;;
26065;7110;;;;;;;;;;;;;;;;;;
26066;10525;;;;;;;;;;;;;;;;;;
26067;11058;;;;;;;;;;;;;;;;;;
26068;8515;;;;;;;;;;;;;;;;;;
26069;5871;;;;;;;;;;;;;;;;;;
26070;16038;;;;;;;;;;;;;;;;;;
26071;9932;;;;;;;;;;;;;;;;;;
26072;9554;;;;;;;;;;;;;;;;;;
27001;7419;;;;;;;;;;;;;;;;;;
27002;9152;;;;;;;;;;;;;;;;;;
27003;7583;;;;;;;;;;;;;;;;;;
27004;20985;;;;;;;;;;;;;;;;;;
27005;8458;;;;;;;;;;;;;;;;;;
27006;8275;;;;;;;;;;;;;;;;;;
27007;10334;;;;;;;;;;;;;;;;;;
27008;7863;;;;;;;;;;;;;;;;;;
27009;8612;;;;;;;;;;;;;;;;;;
27010;9196;;;;;;;;;;;;;;;;;;
27011;5952;;;;;;;;;;;;;;;;;;
27012;9439;;;;;;;;;;;;;;;;;;
27013;11829;;;;;;;;;;;;;;;;;;
27014;9232;;;;;;;;;;;;;;;;;;
27015;6794;;;;;;;;;;;;;;;;;;
27016;9824;;;;;;;;;;;;;;;;;;
27017;7719;;;;;;;;;;;;;;;;;;
28001;7606;;;;;;;;;;;;;;;;;;
28002;9130;;;;;;;;;;;;;;;;;;
28003;12221;;;;;;;;;;;;;;;;;;
28004;8087;;;;;;;;;;;;;;;;;;
28005;6750;;;;;;;;;;;;;;;;;;
28006;4518;;;;;;;;;;;;;;;;;;
28007;11320;;;;;;;;;;;;;;;;;;
28008;6285;;;;;;;;;;;;;;;;;;
28009;21622;;;;;;;;;;;;;;;;;;
28010;6812;;;;;;;;;;;;;;;;;;
28011;7384;;;;;;;;;;;;;;;;;;
28012;8972;;;;;;;;;;;;;;;;;;
28013;6979;;;;;;;;;;;;;;;;;;
28014;8521;;;;;;;;;;;;;;;;;;
28015;12675;;;;;;;;;;;;;;;;;;
28016;7929;;;;;;;;;;;;;;;;;;
28017;7971;;;;;;;;;;;;;;;;;;
28018;10263;;;;;;;;;;;;;;;;;;
28019;7869;;;;;;;;;;;;;;;;;;
28020;7569;;;;;;;;;;;;;;;;;;
28021;14893;;;;;;;;;;;;;;;;;;
28022;15459;;;;;;;;;;;;;;;;;;
28023;7787;;;;;;;;;;;;;;;;;;
28024;15624;;;;;;;;;;;;;;;;;;
28025;15425;;;;;;;;;;;;;;;;;;
28026;5151;;;;;;;;;;;;;;;;;;
28027;15893;;;;;;;;;;;;;;;;;;
28028;7423;;;;;;;;;;;;;;;;;;
28029;8679;;;;;;;;;;;;;;;;;;
28030;8593;;;;;;;;;;;;;;;;;;
28031;6428;;;;;;;;;;;;;;;;;;
28032;15932;;;;;;;;;;;;;;;;;;
28033;12662;;;;;;;;;;;;;;;;;;
28034;5425;;;;;;;;;;;;;;;;;;
28035;9439;;;;;;;;;;;;;;;;;;
28036;4366;;;;;;;;;;;;;;;;;;
28037;8069;;;;;;;;;;;;;;;;;;
28038;21043;;;;;;;;;;;;;;;;;;
28039;7260;;;;;;;;;;;;;;;;;;
28040;12938;;;;;;;;;;;;;;;;;;
28041;23002;;;;;;;;;;;;;;;;;;
28042;7091;;;;;;;;;;;;;;;;;;
28043;11328;;;;;;;;;;;;;;;;;;
29001;14375;;;;;;;;;;;;;;;;;;
29002;16320;;;;;;;;;;;;;;;;;;
29003;6715;;;;;;;;;;;;;;;;;;
29004;6024;;;;;;;;;;;;;;;;;;
29005;15408;;;;;;;;;;;;;;;;;;
29006;10428;;;;;;;;;;;;;;;;;;
29007;6348;;;;;;;;;;;;;;;;;;
29008;7080;;;;;;;;;;;;;;;;;;
29009;8451;;;;;;;;;;;;;;;;;;
29010;10917;;;;;;;;;;;;;;;;;;
29011;7496;;;;;;;;;;;;;;;;;;
29012;3833;;;;;;;;;;;;;;;;;;
29013;9903;;;;;;;;;;;;;;;;;;
29014;7057;;;;;;;;;;;;;;;;;;
29015;10295;;;;;;;;;;;;;;;;;;
29016;12160;;;;;;;;;;;;;;;;;;
29017;8635;;;;;;;;;;;;;;;;;;
29018;9860;;;;;;;;;;;;;;;;;;
29019;10038;;;;;;;;;;;;;;;;;;
29020;8492;;;;;;;;;;;;;;;;;;
29021;8705;;;;;;;;;;;;;;;;;;
29022;8743;;;;;;;;;;;;;;;;;;
29023;8741;;;;;;;;;;;;;;;;;;
29024;15873;;;;;;;;;;;;;;;;;;
29025;8412;;;;;;;;;;;;;;;;;;
29026;11680;;;;;;;;;;;;;;;;;;
29027;9651;;;;;;;;;;;;;;;;;;
29028;10248;;;;;;;;;;;;;;;;;;
29029;10252;;;;;;;;;;;;;;;;;;
29030;6657;;;;;;;;;;;;;;;;;;
29031;10408;;;;;;;;;;;;;;;;;;
29032;9680;;;;;;;;;;;;;;;;;;
29033;22806;;;;;;;;;;;;;;;;;;
29034;6864;;;;;;;;;;;;;;;;;;
29035;10333;;;;;;;;;;;;;;;;;;
29036;16897;;;;;;;;;;;;;;;;;;
29037;5906;;;;;;;;;;;;;;;;;;
29038;10969;;;;;;;;;;;;;;;;;;
29039;8336;;;;;;;;;;;;;;;;;;
29040;8130;;;;;;;;;;;;;;;;;;
29041;13016;;;;;;;;;;;;;;;;;;
29042;12936;;;;;;;;;;;;;;;;;;
29043;14405;;;;;;;;;;;;;;;;;;
29044;10885;;;;;;;;;;;;;;;;;;
29045;8331;;;;;;;;;;;;;;;;;;
29046;6294;;;;;;;;;;;;;;;;;;
29047;6033;;;;;;;;;;;;;;;;;;
29048;9454;;;;;;;;;;;;;;;;;;
29049;12534;;;;;;;;;;;;;;;;;;
29050;9358;;;;;;;;;;;;;;;;;;
29051;14600;;;;;;;;;;;;;;;;;;
29052;7516;;;;;;;;;;;;;;;;;;
29053;11678;;;;;;;;;;;;;;;;;;
29054;12295;;;;;;;;;;;;;;;;;;
29055;9370;;;;;;;;;;;;;;;;;;
29056;11504;;;;;;;;;;;;;;;;;;
29057;11521;;;;;;;;;;;;;;;;;;
29058;9971;;;;;;;;;;;;;;;;;;
29059;8238;;;;;;;;;;;;;;;;;;
29060;8406;;;;;;;;;;;;;;;;;;
30001;5659;;;;;;;;;;;;;;;;;;
30002;7590;;;;;;;;;;;;;;;;;;
30003;8219;;;;;;;;;;;;;;;;;;
30004;8456;;;;;;;;;;;;;;;;;;
30005;7960;;;;;;;;;;;;;;;;;;
30006;7182;;;;;;;;;;;;;;;;;;
30007;5431;;;;;;;;;;;;;;;;;;
30008;4107;;;;;;;;;;;;;;;;;;
30009;7486;;;;;;;;;;;;;;;;;;
30010;5400;;;;;;;;;;;;;;;;;;
30011;10742;;;;;;;;;;;;;;;;;;
30012;8865;;;;;;;;;;;;;;;;;;
30013;16973;;;;;;;;;;;;;;;;;;
30014;9167;;;;;;;;;;;;;;;;;;
30015;7932;;;;;;;;;;;;;;;;;;
30016;12300;;;;;;;;;;;;;;;;;;
30017;7619;;;;;;;;;;;;;;;;;;
30018;3228;;;;;;;;;;;;;;;;;;
30019;3085;;;;;;;;;;;;;;;;;;
30020;3301;;;;;;;;;;;;;;;;;;
30021;8596;;;;;;;;;;;;;;;;;;
30022;5937;;;;;;;;;;;;;;;;;;
30023;4694;;;;;;;;;;;;;;;;;;
30024;4504;;;;;;;;;;;;;;;;;;
30025;3558;;;;;;;;;;;;;;;;;;
30026;14159;;;;;;;;;;;;;;;;;;
30027;3920;;;;;;;;;;;;;;;;;;
30028;22220;;;;;;;;;;;;;;;;;;
30029;2740;;;;;;;;;;;;;;;;;;
30030;14013;;;;;;;;;;;;;;;;;;
30031;4297;;;;;;;;;;;;;;;;;;
30032;8498;;;;;;;;;;;;;;;;;;
30033;5439;;;;;;;;;;;;;;;;;;
30034;14501;;;;;;;;;;;;;;;;;;
30035;5249;;;;;;;;;;;;;;;;;;
30036;6447;;;;;;;;;;;;;;;;;;
30037;3765;;;;;;;;;;;;;;;;;;
30038;13382;;;;;;;;;;;;;;;;;;
30039;19652;;;;;;;;;;;;;;;;;;
30040;14581;;;;;;;;;;;;;;;;;;
30041;4484;;;;;;;;;;;;;;;;;;
30042;4458;;;;;;;;;;;;;;;;;;
30043;4318;;;;;;;;;;;;;;;;;;
30044;13666;;;;;;;;;;;;;;;;;;
30045;12715;;;;;;;;;;;;;;;;;;
30046;4933;;;;;;;;;;;;;;;;;;
30047;4686;;;;;;;;;;;;;;;;;;
30048;16764;;;;;;;;;;;;;;;;;;
30049;6630;;;;;;;;;;;;;;;;;;
30050;3832;;;;;;;;;;;;;;;;;;
30051;4356;;;;;;;;;;;;;;;;;;
30052;8296;;;;;;;;;;;;;;;;;;
30053;8922;;;;;;;;;;;;;;;;;;
30054;7980;;;;;;;;;;;;;;;;;;
30055;6974;;;;;;;;;;;;;;;;;;
30056;5186;;;;;;;;;;;;;;;;;;
30057;3839;;;;;;;;;;;;;;;;;;
30058;7722;;;;;;;;;;;;;;;;;;
30059;8713;;;;;;;;;;;;;;;;;;
30060;6363;;;;;;;;;;;;;;;;;;
30061;6795;;;;;;;;;;;;;;;;;;
30062;6431;;;;;;;;;;;;;;;;;;
30063;5090;;;;;;;;;;;;;;;;;;
30064;4067;;;;;;;;;;;;;;;;;;
30065;17206;;;;;;;;;;;;;;;;;;
30066;5878;;;;;;;;;;;;;;;;;;
30067;4188;;;;;;;;;;;;;;;;;;
30068;19780;;;;;;;;;;;;;;;;;;
30069;9110;;;;;;;;;;;;;;;;;;
30070;4811;;;;;;;;;;;;;;;;;;
30071;8504;;;;;;;;;;;;;;;;;;
30072;6369;;;;;;;;;;;;;;;;;;
30073;5858;;;;;;;;;;;;;;;;;;
30074;10380;;;;;;;;;;;;;;;;;;
30075;6257;;;;;;;;;;;;;;;;;;
30076;3753;;;;;;;;;;;;;;;;;;
30077;8482;;;;;;;;;;;;;;;;;;
30078;4775;;;;;;;;;;;;;;;;;;
30079;4872;;;;;;;;;;;;;;;;;;
30080;4764;;;;;;;;;;;;;;;;;;
30081;11498;;;;;;;;;;;;;;;;;;
30082;10052;;;;;;;;;;;;;;;;;;
30083;4393;;;;;;;;;;;;;;;;;;
30084;7876;;;;;;;;;;;;;;;;;;
30085;11783;;;;;;;;;;;;;;;;;;
30086;4641;;;;;;;;;;;;;;;;;;
30087;20126;;;;;;;;;;;;;;;;;;
30088;6318;;;;;;;;;;;;;;;;;;
30089;10815;;;;;;;;;;;;;;;;;;
30090;10132;;;;;;;;;;;;;;;;;;
30091;5399;;;;;;;;;;;;;;;;;;
30092;8595;;;;;;;;;;;;;;;;;;
30093;9516;;;;;;;;;;;;;;;;;;
30094;6553;;;;;;;;;;;;;;;;;;
30095;5136;;;;;;;;;;;;;;;;;;
30096;4423;;;;;;;;;;;;;;;;;;
30097;13771;;;;;;;;;;;;;;;;;;
30098;4113;;;;;;;;;;;;;;;;;;
30099;6689;;;;;;;;;;;;;;;;;;
30100;7915;;;;;;;;;;;;;;;;;;
30101;8316;;;;;;;;;;;;;;;;;;
30102;10909;;;;;;;;;;;;;;;;;;
30103;3624;;;;;;;;;;;;;;;;;;
30104;3957;;;;;;;;;;;;;;;;;;
30105;13684;;;;;;;;;;;;;;;;;;
30106;5411;;;;;;;;;;;;;;;;;;
30107;3223;;;;;;;;;;;;;;;;;;
30108;16996;;;;;;;;;;;;;;;;;;
30109;7431;;;;;;;;;;;;;;;;;;
30110;2147;;;;;;;;;;;;;;;;;;
30111;8354;;;;;;;;;;;;;;;;;;
30112;9085;;;;;;;;;;;;;;;;;;
30113;4882;;;;;;;;;;;;;;;;;;
30114;6801;;;;;;;;;;;;;;;;;;
30115;9759;;;;;;;;;;;;;;;;;;
30116;10220;;;;;;;;;;;;;;;;;;
30117;6165;;;;;;;;;;;;;;;;;;
30118;30265;;;;;;;;;;;;;;;;;;
30119;10842;;;;;;;;;;;;;;;;;;
30120;8322;;;;;;;;;;;;;;;;;;
30121;5438;;;;;;;;;;;;;;;;;;
30122;5034;;;;;;;;;;;;;;;;;;
30123;10278;;;;;;;;;;;;;;;;;;
30124;8405;;;;;;;;;;;;;;;;;;
30125;8099;;;;;;;;;;;;;;;;;;
30126;8686;;;;;;;;;;;;;;;;;;
30127;3079;;;;;;;;;;;;;;;;;;
30128;8926;;;;;;;;;;;;;;;;;;
30129;7380;;;;;;;;;;;;;;;;;;
30130;5925;;;;;;;;;;;;;;;;;;
30131;20141;;;;;;;;;;;;;;;;;;
30132;6169;;;;;;;;;;;;;;;;;;
30133;10618;;;;;;;;;;;;;;;;;;
30134;9064;;;;;;;;;;;;;;;;;;
30135;6947;;;;;;;;;;;;;;;;;;
30136;8938;;;;;;;;;;;;;;;;;;
30137;3437;;;;;;;;;;;;;;;;;;
30138;19869;;;;;;;;;;;;;;;;;;
30139;8949;;;;;;;;;;;;;;;;;;
30140;4030;;;;;;;;;;;;;;;;;;
30141;7595;;;;;;;;;;;;;;;;;;
30142;5977;;;;;;;;;;;;;;;;;;
30143;6630;;;;;;;;;;;;;;;;;;
30144;6349;;;;;;;;;;;;;;;;;;
30145;12188;;;;;;;;;;;;;;;;;;
30146;3732;;;;;;;;;;;;;;;;;;
30147;3198;;;;;;;;;;;;;;;;;;
30148;7306;;;;;;;;;;;;;;;;;;
30149;3901;;;;;;;;;;;;;;;;;;
30150;6136;;;;;;;;;;;;;;;;;;
30151;5994;;;;;;;;;;;;;;;;;;
30152;8907;;;;;;;;;;;;;;;;;;
30153;6005;;;;;;;;;;;;;;;;;;
30154;4560;;;;;;;;;;;;;;;;;;
30155;6439;;;;;;;;;;;;;;;;;;
30156;3534;;;;;;;;;;;;;;;;;;
30157;5717;;;;;;;;;;;;;;;;;;
30158;6074;;;;;;;;;;;;;;;;;;
30159;2647;;;;;;;;;;;;;;;;;;
30160;6307;;;;;;;;;;;;;;;;;;
30161;7332;;;;;;;;;;;;;;;;;;
30162;4923;;;;;;;;;;;;;;;;;;
30163;3850;;;;;;;;;;;;;;;;;;
30164;9162;;;;;;;;;;;;;;;;;;
30165;3523;;;;;;;;;;;;;;;;;;
30166;4422;;;;;;;;;;;;;;;;;;
30167;5220;;;;;;;;;;;;;;;;;;
30168;4245;;;;;;;;;;;;;;;;;;
30169;6229;;;;;;;;;;;;;;;;;;
30170;4099;;;;;;;;;;;;;;;;;;
30171;4105;;;;;;;;;;;;;;;;;;
30172;5513;;;;;;;;;;;;;;;;;;
30173;5774;;;;;;;;;;;;;;;;;;
30174;9875;;;;;;;;;;;;;;;;;;
30175;6969;;;;;;;;;;;;;;;;;;
30176;9293;;;;;;;;;;;;;;;;;;
30177;4402;;;;;;;;;;;;;;;;;;
30178;11038;;;;;;;;;;;;;;;;;;
30179;5112;;;;;;;;;;;;;;;;;;
30180;3901;;;;;;;;;;;;;;;;;;
30181;8302;;;;;;;;;;;;;;;;;;
30182;8451;;;;;;;;;;;;;;;;;;
30183;6856;;;;;;;;;;;;;;;;;;
30184;3326;;;;;;;;;;;;;;;;;;
30185;7324;;;;;;;;;;;;;;;;;;
30186;9313;;;;;;;;;;;;;;;;;;
30187;3671;;;;;;;;;;;;;;;;;;
30188;4843;;;;;;;;;;;;;;;;;;
30189;14301;;;;;;;;;;;;;;;;;;
30190;8546;;;;;;;;;;;;;;;;;;
30191;13195;;;;;;;;;;;;;;;;;;
30192;9529;;;;;;;;;;;;;;;;;;
30193;21732;;;;;;;;;;;;;;;;;;
30194;5094;;;;;;;;;;;;;;;;;;
30195;3168;;;;;;;;;;;;;;;;;;
30196;9228;;;;;;;;;;;;;;;;;;
30197;6407;;;;;;;;;;;;;;;;;;
30198;3757;;;;;;;;;;;;;;;;;;
30199;6369;;;;;;;;;;;;;;;;;;
30200;5079;;;;;;;;;;;;;;;;;;
30201;4714;;;;;;;;;;;;;;;;;;
30202;2898;;;;;;;;;;;;;;;;;;
30203;3897;;;;;;;;;;;;;;;;;;
30204;13070;;;;;;;;;;;;;;;;;;
30205;8956;;;;;;;;;;;;;;;;;;
30206;17431;;;;;;;;;;;;;;;;;;
30207;8802;;;;;;;;;;;;;;;;;;
30208;11110;;;;;;;;;;;;;;;;;;
30209;4666;;;;;;;;;;;;;;;;;;
30210;4016;;;;;;;;;;;;;;;;;;
30211;8299;;;;;;;;;;;;;;;;;;
30212;3564;;;;;;;;;;;;;;;;;;
31001;7157;;;;;;;;;;;;;;;;;;
31002;9294;;;;;;;;;;;;;;;;;;
31003;6931;;;;;;;;;;;;;;;;;;
31004;11022;;;;;;;;;;;;;;;;;;
31005;10090;;;;;;;;;;;;;;;;;;
31006;6378;;;;;;;;;;;;;;;;;;
31007;10643;;;;;;;;;;;;;;;;;;
31008;5547;;;;;;;;;;;;;;;;;;
31009;9827;;;;;;;;;;;;;;;;;;
31010;3828;;;;;;;;;;;;;;;;;;
31011;6056;;;;;;;;;;;;;;;;;;
31012;6353;;;;;;;;;;;;;;;;;;
31013;11745;;;;;;;;;;;;;;;;;;
31014;4756;;;;;;;;;;;;;;;;;;
31015;7604;;;;;;;;;;;;;;;;;;
31016;4811;;;;;;;;;;;;;;;;;;
31017;3677;;;;;;;;;;;;;;;;;;
31018;6758;;;;;;;;;;;;;;;;;;
31019;4274;;;;;;;;;;;;;;;;;;
31020;11589;;;;;;;;;;;;;;;;;;
31021;5972;;;;;;;;;;;;;;;;;;
31022;4282;;;;;;;;;;;;;;;;;;
31023;11477;;;;;;;;;;;;;;;;;;
31024;6363;;;;;;;;;;;;;;;;;;
31025;6584;;;;;;;;;;;;;;;;;;
31026;11200;;;;;;;;;;;;;;;;;;
31027;13246;;;;;;;;;;;;;;;;;;
31028;8717;;;;;;;;;;;;;;;;;;
31029;8092;;;;;;;;;;;;;;;;;;
31030;5896;;;;;;;;;;;;;;;;;;
31031;5562;;;;;;;;;;;;;;;;;;
31032;5935;;;;;;;;;;;;;;;;;;
31033;8116;;;;;;;;;;;;;;;;;;
31034;7553;;;;;;;;;;;;;;;;;;
31035;7583;;;;;;;;;;;;;;;;;;
31036;7717;;;;;;;;;;;;;;;;;;
31037;7271;;;;;;;;;;;;;;;;;;
31038;8402;;;;;;;;;;;;;;;;;;
31039;9501;;;;;;;;;;;;;;;;;;
31040;9553;;;;;;;;;;;;;;;;;;
31041;10666;;;;;;;;;;;;;;;;;;
31042;6391;;;;;;;;;;;;;;;;;;
31043;4032;;;;;;;;;;;;;;;;;;
31044;7198;;;;;;;;;;;;;;;;;;
31045;10897;;;;;;;;;;;;;;;;;;
31046;7112;;;;;;;;;;;;;;;;;;
31047;6095;;;;;;;;;;;;;;;;;;
31048;8393;;;;;;;;;;;;;;;;;;
31049;5279;;;;;;;;;;;;;;;;;;
31050;19878;;;;;;;;;;;;;;;;;;
31051;11630;;;;;;;;;;;;;;;;;;
31052;9064;;;;;;;;;;;;;;;;;;
31053;8409;;;;;;;;;;;;;;;;;;
31054;10027;;;;;;;;;;;;;;;;;;
31055;6526;;;;;;;;;;;;;;;;;;
31056;7098;;;;;;;;;;;;;;;;;;
31057;6015;;;;;;;;;;;;;;;;;;
31058;7299;;;;;;;;;;;;;;;;;;
31059;12322;;;;;;;;;;;;;;;;;;
31060;4936;;;;;;;;;;;;;;;;;;
31061;9834;;;;;;;;;;;;;;;;;;
31062;7671;;;;;;;;;;;;;;;;;;
31063;8070;;;;;;;;;;;;;;;;;;
31064;8065;;;;;;;;;;;;;;;;;;
31065;10592;;;;;;;;;;;;;;;;;;
31066;6554;;;;;;;;;;;;;;;;;;
31067;7694;;;;;;;;;;;;;;;;;;
31068;7749;;;;;;;;;;;;;;;;;;
31069;5184;;;;;;;;;;;;;;;;;;
31070;7822;;;;;;;;;;;;;;;;;;
31071;5250;;;;;;;;;;;;;;;;;;
31072;7572;;;;;;;;;;;;;;;;;;
31073;4178;;;;;;;;;;;;;;;;;;
31074;9548;;;;;;;;;;;;;;;;;;
31075;6257;;;;;;;;;;;;;;;;;;
31076;8496;;;;;;;;;;;;;;;;;;
31077;7018;;;;;;;;;;;;;;;;;;
31078;8117;;;;;;;;;;;;;;;;;;
31079;7643;;;;;;;;;;;;;;;;;;
31080;7029;;;;;;;;;;;;;;;;;;
31081;5438;;;;;;;;;;;;;;;;;;
31082;11768;;;;;;;;;;;;;;;;;;
31083;9978;;;;;;;;;;;;;;;;;;
31084;7067;;;;;;;;;;;;;;;;;;
31085;5660;;;;;;;;;;;;;;;;;;
31086;7509;;;;;;;;;;;;;;;;;;
31087;6916;;;;;;;;;;;;;;;;;;
31088;6681;;;;;;;;;;;;;;;;;;
31089;10031;;;;;;;;;;;;;;;;;;
31090;7502;;;;;;;;;;;;;;;;;;
31091;6243;;;;;;;;;;;;;;;;;;
31092;4648;;;;;;;;;;;;;;;;;;
31093;11013;;;;;;;;;;;;;;;;;;
31094;4046;;;;;;;;;;;;;;;;;;
31095;10162;;;;;;;;;;;;;;;;;;
31096;7498;;;;;;;;;;;;;;;;;;
31097;6266;;;;;;;;;;;;;;;;;;
31098;6046;;;;;;;;;;;;;;;;;;
31099;5199;;;;;;;;;;;;;;;;;;
31100;8510;;;;;;;;;;;;;;;;;;
31101;10814;;;;;;;;;;;;;;;;;;
31102;9471;;;;;;;;;;;;;;;;;;
31103;6504;;;;;;;;;;;;;;;;;;
31104;4140;;;;;;;;;;;;;;;;;;
31105;10384;;;;;;;;;;;;;;;;;;
31106;6234;;;;;;;;;;;;;;;;;;
32001;10087;;;;;;;;;;;;;;;;;;
32002;7202;;;;;;;;;;;;;;;;;;
32003;7950;;;;;;;;;;;;;;;;;;
32004;7698;;;;;;;;;;;;;;;;;;
32005;9373;;;;;;;;;;;;;;;;;;
32006;9185;;;;;;;;;;;;;;;;;;
32007;10700;;;;;;;;;;;;;;;;;;
32008;7416;;;;;;;;;;;;;;;;;;
32009;7374;;;;;;;;;;;;;;;;;;
32010;11547;;;;;;;;;;;;;;;;;;
32011;9057;;;;;;;;;;;;;;;;;;
32012;5692;;;;;;;;;;;;;;;;;;
32013;8737;;;;;;;;;;;;;;;;;;
32014;8032;;;;;;;;;;;;;;;;;;
32015;6974;;;;;;;;;;;;;;;;;;
32016;6314;;;;;;;;;;;;;;;;;;
32017;19120;;;;;;;;;;;;;;;;;;
32018;8673;;;;;;;;;;;;;;;;;;
32019;10828;;;;;;;;;;;;;;;;;;
32020;10321;;;;;;;;;;;;;;;;;;
32021;4595;;;;;;;;;;;;;;;;;;
32022;8366;;;;;;;;;;;;;;;;;;
32023;13936;;;;;;;;;;;;;;;;;;
32024;9559;;;;;;;;;;;;;;;;;;
32025;8522;;;;;;;;;;;;;;;;;;
32026;5926;;;;;;;;;;;;;;;;;;
32027;6440;;;;;;;;;;;;;;;;;;
32028;8989;;;;;;;;;;;;;;;;;;
32029;7034;;;;;;;;;;;;;;;;;;
32030;8945;;;;;;;;;;;;;;;;;;
32031;8369;;;;;;;;;;;;;;;;;;
32032;14058;;;;;;;;;;;;;;;;;;
32033;11156;;;;;;;;;;;;;;;;;;
32034;9600;;;;;;;;;;;;;;;;;;
32035;6052;;;;;;;;;;;;;;;;;;
32036;7699;;;;;;;;;;;;;;;;;;
32037;6955;;;;;;;;;;;;;;;;;;
32038;6429;;;;;;;;;;;;;;;;;;
32039;9431;;;;;;;;;;;;;;;;;;
32040;6410;;;;;;;;;;;;;;;;;;
32041;5794;;;;;;;;;;;;;;;;;;
32042;8075;;;;;;;;;;;;;;;;;;
32043;7794;;;;;;;;;;;;;;;;;;
32044;8368;;;;;;;;;;;;;;;;;;
32045;9380;;;;;;;;;;;;;;;;;;
32046;7671;;;;;;;;;;;;;;;;;;
32047;9449;;;;;;;;;;;;;;;;;;
32048;9267;;;;;;;;;;;;;;;;;;
32049;7728;;;;;;;;;;;;;;;;;;
32050;7916;;;;;;;;;;;;;;;;;;
32051;6751;;;;;;;;;;;;;;;;;;
32052;8381;;;;;;;;;;;;;;;;;;
32053;7854;;;;;;;;;;;;;;;;;;
32054;6383;;;;;;;;;;;;;;;;;;
32055;8468;;;;;;;;;;;;;;;;;;
32056;22434;;;;;;;;;;;;;;;;;;
32057;7556;;;;;;;;;;;;;;;;;;
32058;8092;;;;;;;;;;;;;;;;;;
;;;;;;;;;;;;;;;;;;;
;;;;;;;;;;;;;;;;;;;
;;;;;;;;;;;;;;;;;;;
;;;;;;;;;;;;;;;;;;;
;;;;;;;;;;;;;;;;;;;
;;;;;;;;;;;;;;;;;;;
;;;;;;;;;;;;;;;;;;;
;;;;;;;;;;;;;;;;;;;
;;;;;;;;;;;;;;;;;;;
;;;;;;;;;;;;;;;;;;;
;;;;;;;;;;;;;;;;;;;
;;;;;;;;;;;;;;;;;;;
;;;;;;;;;;;;;;;;;;;
;;;;;;;;;;;;;;;;;;;
;;;;;;;;;;;;;;;;;;;
;;;;;;;;;;;;;;;;;;;
;;;;;;;;;;;;;;;;;;;
;;;;;;;;;;;;;;;;;;;
;;;;;;;;;;;;;;;;;;;
;;;;;;;;;;;;;;;;;;;
;;;;;;;;;;;;;;;;;;;
;;;;;;;;;;;;;;;;;;;
;;;;;;;;;;;;;;;;;;;
;;;;;;;;;;;;;;;;;;;
;;;;;;;;;;;;;;;;;;;
;;;;;;;;;;;;;;;;;;;
;;;;;;;;;;;;;;;;;;;
;;;;;;;;;;;;;;;;;;;
;;;;;;;;;;;;;;;;;;;
;;;;;;;;;;;;;;;;;;;
;;;;;;;;;;;;;;;;;;;
;;;;;;;;;;;;;;;;;;;
;;;;;;;;;;;;;;;;;;;
;;;;;;;;;;;;;;;;;;;
;;;;;;;;;;;;;;;;;;;
;;;;;;;;;;;;;;;;;;;
;;;;;;;;;;;;;;;;;;;
;;;;;;;;;;;;;;;;;;;
;;;;;;;;;;;;;;;;;;;
;;;;;;;;;;;;;;;;;;;
;;;;;;;;;;;;;;;;;;;
;;;;;;;;;;;;;;;;;;;
;;;;;;;;;;;;;;;;;;;
;;;;;;;;;;;;;;;;;;;
;;;;;;;;;;;;;;;;;;;
;;;;;;;;;;;;;;;;;;;
;;;;;;;;;;;;;;;;;;;
;;;;;;;;;;;;;;;;;;;
;;;;;;;;;;;;;;;;;;;
;;;;;;;;;;;;;;;;;;;
;;;;;;;;;;;;;;;;;;;
;;;;;;;;;;;;;;;;;;;
;;;;;;;;;;;;;;;;;;;
;;;;;;;;;;;;;;;;;;;
;;;;;;;;;;;;;;;;;;;
;;;;;;;;;;;;;;;;;;;
;;;;;;;;;;;;;;;;;;;
;;;;;;;;;;;;;;;;;;;
;;;;;;;;;;;;;;;;;;;
;;;;;;;;;;;;;;;;;;;
;;;;;;;;;;;;;;;;;;;
;;;;;;;;;;;;;;;;;;;
;;;;;;;;;;;;;;;;;;;
;;;;;;;;;;;;;;;;;;;
;;;;;;;;;;;;;;;;;;;
;;;;;;;;;;;;;;;;;;;
;;;;;;;;;;;;;;;;;;;
;;;;;;;;;;;;;;;;;;;
;;;;;;;;;;;;;;;;;;;
;;;;;;;;;;;;;;;;;;;
;;;;;;;;;;;;;;;;;;;
;;;;;;;;;;;;;;;;;;;
;;;;;;;;;;;;;;;;;;;
;;;;;;;;;;;;;;;;;;;
;;;;;;;;;;;;;;;;;;;
;;;;;;;;;;;;;;;;;;;
;;;;;;;;;;;;;;;;;;;
;;;;;;;;;;;;;;;;;;;
;;;;;;;;;;;;;;;;;;;
;;;;;;;;;;;;;;;;;;;
;;;;;;;;;;;;;;;;;;;
;;;;;;;;;;;;;;;;;;;
;;;;;;;;;;;;;;;;;;;
;;;;;;;;;;;;;;;;;;;
;;;;;;;;;;;;;;;;;;;
;;;;;;;;;;;;;;;;;;;
;;;;;;;;;;;;;;;;;;;
;;;;;;;;;;;;;;;;;;;
;;;;;;;;;;;;;;;;;;;
;;;;;;;;;;;;;;;;;;;
;;;;;;;;;;;;;;;;;;;
;;;;;;;;;;;;;;;;;;;
;;;;;;;;;;;;;;;;;;;
;;;;;;;;;;;;;;;;;;;
;;;;;;;;;;;;;;;;;;;
;;;;;;;;;;;;;;;;;;;
;;;;;;;;;;;;;;;;;;;
;;;;;;;;;;;;;;;;;;;
;;;;;;;;;;;;;;;;;;;
;;;;;;;;;;;;;;;;;;;
;;;;;;;;;;;;;;;;;;;
;;;;;;;;;;;;;;;;;;;
;;;;;;;;;;;;;;;;;;;
;;;;;;;;;;;;;;;;;;;
;;;;;;;;;;;;;;;;;;;
;;;;;;;;;;;;;;;;;;;
;;;;;;;;;;;;;;;;;;;
;;;;;;;;;;;;;;;;;;;
;;;;;;;;;;;;;;;;;;;
;;;;;;;;;;;;;;;;;;;
;;;;;;;;;;;;;;;;;;;
;;;;;;;;;;;;;;;;;;;
;;;;;;;;;;;;;;;;;;;
;;;;;;;;;;;;;;;;;;;
;;;;;;;;;;;;;;;;;;;
;;;;;;;;;;;;;;;;;;;
;;;;;;;;;;;;;;;;;;;
;;;;;;;;;;;;;;;;;;;
;;;;;;;;;;;;;;;;;;;
;;;;;;;;;;;;;;;;;;;
;;;;;;;;;;;;;;;;;;;
;;;;;;;;;;;;;;;;;;;
;;;;;;;;;;;;;;;;;;;
;;;;;;;;;;;;;;;;;;;
;;;;;;;;;;;;;;;;;;;
;;;;;;;;;;;;;;;;;;;
;;;;;;;;;;;;;;;;;;;
;;;;;;;;;;;;;;;;;;;
;;;;;;;;;;;;;;;;;;;
;;;;;;;;;;;;;;;;;;;
;;;;;;;;;;;;;;;;;;;
;;;;;;;;;;;;;;;;;;;
;;;;;;;;;;;;;;;;;;;
;;;;;;;;;;;;;;;;;;;
;;;;;;;;;;;;;;;;;;;
;;;;;;;;;;;;;;;;;;;
;;;;;;;;;;;;;;;;;;;
;;;;;;;;;;;;;;;;;;;
;;;;;;;;;;;;;;;;;;;
;;;;;;;;;;;;;;;;;;;
;;;;;;;;;;;;;;;;;;;
;;;;;;;;;;;;;;;;;;;
;;;;;;;;;;;;;;;;;;;
;;;;;;;;;;;;;;;;;;;
;;;;;;;;;;;;;;;;;;;
;;;;;;;;;;;;;;;;;;;
;;;;;;;;;;;;;;;;;;;
;;;;;;;;;;;;;;;;;;;
;;;;;;;;;;;;;;;;;;;
;;;;;;;;;;;;;;;;;;;
;;;;;;;;;;;;;;;;;;;
;;;;;;;;;;;;;;;;;;;
;;;;;;;;;;;;;;;;;;;
;;;;;;;;;;;;;;;;;;;
;;;;;;;;;;;;;;;;;;;
;;;;;;;;;;;;;;;;;;;
;;;;;;;;;;;;;;;;;;;
;;;;;;;;;;;;;;;;;;;
;;;;;;;;;;;;;;;;;;;
;;;;;;;;;;;;;;;;;;;
;;;;;;;;;;;;;;;;;;;
;;;;;;;;;;;;;;;;;;;
;;;;;;;;;;;;;;;;;;;
;;;;;;;;;;;;;;;;;;;
;;;;;;;;;;;;;;;;;;;
;;;;;;;;;;;;;;;;;;;
;;;;;;;;;;;;;;;;;;;
;;;;;;;;;;;;;;;;;;;
;;;;;;;;;;;;;;;;;;;
;;;;;;;;;;;;;;;;;;;
;;;;;;;;;;;;;;;;;;;
;;;;;;;;;;;;;;;;;;;
;;;;;;;;;;;;;;;;;;;
;;;;;;;;;;;;;;;;;;;
;;;;;;;;;;;;;;;;;;;
;;;;;;;;;;;;;;;;;;;
;;;;;;;;;;;;;;;;;;;
;;;;;;;;;;;;;;;;;;;
;;;;;;;;;;;;;;;;;;;
;;;;;;;;;;;;;;;;;;;
;;;;;;;;;;;;;;;;;;;
;;;;;;;;;;;;;;;;;;;
;;;;;;;;;;;;;;;;;;;
;;;;;;;;;;;;;;;;;;;
;;;;;;;;;;;;;;;;;;;
;;;;;;;;;;;;;;;;;;;
;;;;;;;;;;;;;;;;;;;
;;;;;;;;;;;;;;;;;;;
;;;;;;;;;;;;;;;;;;;
;;;;;;;;;;;;;;;;;;;
;;;;;;;;;;;;;;;;;;;
;;;;;;;;;;;;;;;;;;;
;;;;;;;;;;;;;;;;;;;
;;;;;;;;;;;;;;;;;;;
;;;;;;;;;;;;;;;;;;;
;;;;;;;;;;;;;;;;;;;
;;;;;;;;;;;;;;;;;;;
;;;;;;;;;;;;;;;;;;;
;;;;;;;;;;;;;;;;;;;
;;;;;;;;;;;;;;;;;;;
;;;;;;;;;;;;;;;;;;;
;;;;;;;;;;;;;;;;;;;
;;;;;;;;;;;;;;;;;;;
;;;;;;;;;;;;;;;;;;;
;;;;;;;;;;;;;;;;;;;
;;;;;;;;;;;;;;;;;;;
;;;;;;;;;;;;;;;;;;;
;;;;;;;;;;;;;;;;;;;
;;;;;;;;;;;;;;;;;;;
;;;;;;;;;;;;;;;;;;;
;;;;;;;;;;;;;;;;;;;
;;;;;;;;;;;;;;;;;;;
;;;;;;;;;;;;;;;;;;;
;;;;;;;;;;;;;;;;;;;
;;;;;;;;;;;;;;;;;;;
;;;;;;;;;;;;;;;;;;;
;;;;;;;;;;;;;;;;;;;
;;;;;;;;;;;;;;;;;;;
;;;;;;;;;;;;;;;;;;;
;;;;;;;;;;;;;;;;;;;
;;;;;;;;;;;;;;;;;;;
;;;;;;;;;;;;;;;;;;;
;;;;;;;;;;;;;;;;;;;
;;;;;;;;;;;;;;;;;;;
;;;;;;;;;;;;;;;;;;;
;;;;;;;;;;;;;;;;;;;
;;;;;;;;;;;;;;;;;;;
;;;;;;;;;;;;;;;;;;;
;;;;;;;;;;;;;;;;;;;
;;;;;;;;;;;;;;;;;;;
;;;;;;;;;;;;;;;;;;;
;;;;;;;;;;;;;;;;;;;
;;;;;;;;;;;;;;;;;;;
;;;;;;;;;;;;;;;;;;;
;;;;;;;;;;;;;;;;;;;
;;;;;;;;;;;;;;;;;;;
;;;;;;;;;;;;;;;;;;;
;;;;;;;;;;;;;;;;;;;
;;;;;;;;;;;;;;;;;;;
;;;;;;;;;;;;;;;;;;;
;;;;;;;;;;;;;;;;;;;
;;;;;;;;;;;;;;;;;;;
;;;;;;;;;;;;;;;;;;;
;;;;;;;;;;;;;;;;;;;
;;;;;;;;;;;;;;;;;;;
;;;;;;;;;;;;;;;;;;;
;;;;;;;;;;;;;;;;;;;
;;;;;;;;;;;;;;;;;;;
;;;;;;;;;;;;;;;;;;;
;;;;;;;;;;;;;;;;;;;
;;;;;;;;;;;;;;;;;;;
;;;;;;;;;;;;;;;;;;;
;;;;;;;;;;;;;;;;;;;
;;;;;;;;;;;;;;;;;;;
;;;;;;;;;;;;;;;;;;;
;;;;;;;;;;;;;;;;;;;
;;;;;;;;;;;;;;;;;;;
;;;;;;;;;;;;;;;;;;;
;;;;;;;;;;;;;;;;;;;
;;;;;;;;;;;;;;;;;;;
;;;;;;;;;;;;;;;;;;;
;;;;;;;;;;;;;;;;;;;
;;;;;;;;;;;;;;;;;;;
;;;;;;;;;;;;;;;;;;;
;;;;;;;;;;;;;;;;;;;
;;;;;;;;;;;;;;;;;;;
;;;;;;;;;;;;;;;;;;;
;;;;;;;;;;;;;;;;;;;
;;;;;;;;;;;;;;;;;;;
;;;;;;;;;;;;;;;;;;;
;;;;;;;;;;;;;;;;;;;
;;;;;;;;;;;;;;;;;;;
;;;;;;;;;;;;;;;;;;;
;;;;;;;;;;;;;;;;;;;
;;;;;;;;;;;;;;;;;;;
;;;;;;;;;;;;;;;;;;;
;;;;;;;;;;;;;;;;;;;
;;;;;;;;;;;;;;;;;;;
;;;;;;;;;;;;;;;;;;;
;;;;;;;;;;;;;;;;;;;
;;;;;;;;;;;;;;;;;;;
;;;;;;;;;;;;;;;;;;;
;;;;;;;;;;;;;;;;;;;
;;;;;;;;;;;;;;;;;;;
;;;;;;;;;;;;;;;;;;;
;;;;;;;;;;;;;;;;;;;
;;;;;;;;;;;;;;;;;;;
;;;;;;;;;;;;;;;;;;;
;;;;;;;;;;;;;;;;;;;
;;;;;;;;;;;;;;;;;;;
;;;;;;;;;;;;;;;;;;;
;;;;;;;;;;;;;;;;;;;
;;;;;;;;;;;;;;;;;;;
;;;;;;;;;;;;;;;;;;;
;;;;;;;;;;;;;;;;;;;
;;;;;;;;;;;;;;;;;;;
;;;;;;;;;;;;;;;;;;;
;;;;;;;;;;;;;;;;;;;
;;;;;;;;;;;;;;;;;;;
;;;;;;;;;;;;;;;;;;;
;;;;;;;;;;;;;;;;;;;
;;;;;;;;;;;;;;;;;;;
;;;;;;;;;;;;;;;;;;;
;;;;;;;;;;;;;;;;;;;
;;;;;;;;;;;;;;;;;;;
;;;;;;;;;;;;;;;;;;;
;;;;;;;;;;;;;;;;;;;
;;;;;;;;;;;;;;;;;;;
;;;;;;;;;;;;;;;;;;;
;;;;;;;;;;;;;;;;;;;
;;;;;;;;;;;;;;;;;;;
;;;;;;;;;;;;;;;;;;;
;;;;;;;;;;;;;;;;;;;
;;;;;;;;;;;;;;;;;;;
;;;;;;;;;;;;;;;;;;;
;;;;;;;;;;;;;;;;;;;
;;;;;;;;;;;;;;;;;;;
;;;;;;;;;;;;;;;;;;;
;;;;;;;;;;;;;;;;;;;
;;;;;;;;;;;;;;;;;;;
;;;;;;;;;;;;;;;;;;;
;;;;;;;;;;;;;;;;;;;
;;;;;;;;;;;;;;;;;;;
