Clave del municipio;Municipio;pobalimentaria
1001;Aguascalientes;11.8
1002;Asientos;22
1003;Calvillo;19.3
1004;Cosío;14.3
1005;Jesús María;15.1
1006;Pabellón de Arteaga;15.9
1007;Rincón de Romos;23.4
1008;San José de Gracia;19.2
1009;Tepezalá;18.7
1010;El Llano;19.3
1011;San Francisco de los Romo;12.7
2001;Ensenada;11.2
2002;Mexicali;7
2003;Tecate;7.2
2004;Tijuana;11.2
2005;Playas de Rosarito;11.7
3001;Comondú;10.2
3002;Mulegé;5.8
3003;La Paz;6.1
3008;Los Cabos;9.6
3009;Loreto;4.8
4001;Calkiní;21.4
4002;Campeche;8.9
4003;Carmen;15.9
4004;Champotón;27
4005;Hecelchakán;20.5
4006;Hopelchén;41.8
4007;Palizada;26.3
4008;Tenabo;24.3
4009;Escárcega;42
4010;Calakmul;58.2
4011;Candelaria;47.1
5001;Abasolo;4.4
5002;Acuña;9.9
5003;Allende;10.6
5004;Arteaga;11
5005;Candela;11.1
5006;Castaños;10.5
5007;Cuatro Ciénegas;11.9
5008;Escobedo;11.8
5009;Francisco I. Madero;11.4
5010;Frontera;11.7
5011;General Cepeda;16.1
5012;Guerrero;8.6
5013;Hidalgo;12.8
5014;Jiménez;12.3
5015;Juárez;10.7
5016;Lamadrid;6.6
5017;Matamoros;12.6
5018;Monclova;6.8
5019;Morelos;4.8
5020;Múzquiz;12.5
5021;Nadadores;4.8
5022;Nava;12
5023;Ocampo;12.2
5024;Parras;18.1
5025;Piedras Negras;10
5026;Progreso;7.3
5027;Ramos Arizpe;9.4
5028;Sabinas;9.5
5029;Sacramento;5.6
5030;Saltillo;7.2
5031;San Buenaventura;6.3
5032;San Juan de Sabinas;6.7
5033;San Pedro;20.2
5034;Sierra Mojada;5.6
5035;Torreón;7.8
5036;Viesca;17.4
5037;Villa Unión;6.9
5038;Zaragoza;5.2
6001;Armería;27.8
6002;Colima;8.9
6003;Comala;11.1
6004;Coquimatlán;9.4
6005;Cuauhtémoc;3.3
6006;Ixtlahuacán;13.7
6007;Manzanillo;13.2
6008;Minatitlán;10.6
6009;Tecomán;26.9
6010;Villa de Álvarez;5.8
7001;Acacoyagua;54.7
7002;Acala;46.1
7003;Acapetahua;41
7004;Altamirano;71.8
7005;Amatán;73.7
7006;Amatenango de la Frontera;55.4
7007;Amatenango del Valle;72.9
7008;Angel Albino Corzo;57
7009;Arriaga;30.4
7010;Bejucal de Ocampo;74
7011;Bella Vista;63.5
7012;Berriozábal;42.9
7013;Bochil;58.4
7014;El Bosque;73.3
7015;Cacahoatán;38.1
7016;Catazajá;40.1
7017;Cintalapa;40
7018;Coapilla;63.3
7019;Comitán de Domínguez;30.8
7020;La Concordia;64
7021;Copainalá;50.2
7022;Chalchihuitán;83.2
7023;Chamula;73.9
7024;Chanal;86.4
7025;Chapultenango;66.4
7026;Chenalhó;79
7027;Chiapa de Corzo;34.4
7028;Chiapilla;48.1
7029;Chicoasén;36.9
7030;Chicomuselo;61.7
7031;Chilón;80.9
7032;Escuintla;50.3
7033;Francisco León;74.4
7034;Frontera Comalapa;43.7
7035;Frontera Hidalgo;40.3
7036;La Grandeza;71.1
7037;Huehuetán;37.8
7038;Huixtán;78.1
7039;Huitiupán;71.2
7040;Huixtla;38.8
7041;La Independencia;60.8
7042;Ixhuatán;66.9
7043;Ixtacomitán;52.2
7044;Ixtapa;67
7045;Ixtapangajoya;60
7046;Jiquipilas;42.8
7047;Jitotol;66.9
7048;Juárez;37.1
7049;Larráinzar;81.3
7050;La Libertad;36.1
7051;Mapastepec;39.8
7052;Las Margaritas;69.3
7053;Mazapa de Madero;62
7054;Mazatán;34.8
7055;Metapa;32.6
7056;Mitontic;80.2
7057;Motozintla;58.7
7058;Nicolás Ruíz;66
7059;Ocosingo;66.5
7060;Ocotepec;78.5
7061;Ocozocoautla de Espinosa;51.9
7062;Ostuacán;55.7
7063;Osumacinta;41
7064;Oxchuc;78.4
7065;Palenque;52.8
7066;Pantelhó;78.7
7067;Pantepec;67.5
7068;Pichucalco;30.9
7069;Pijijiapan;46.6
7070;El Porvenir;72.9
7071;Villa Comaltitlán;48.9
7072;Pueblo Nuevo Solistahuacán;69.7
7073;Rayón;64.5
7074;Reforma;24.5
7075;Las Rosas;66.8
7076;Sabanilla;70
7077;Salto de Agua;69.2
7078;San Cristóbal de las Casas;28.3
7079;San Fernando;45.1
7080;Siltepec;72.3
7081;Simojovel;74.2
7082;Sitalá;80.9
7083;Socoltenango;44.8
7084;Solosuchiapa;60.8
7085;Soyaló;55.6
7086;Suchiapa;36.8
7087;Suchiate;41.8
7088;Sunuapa;55.4
7089;Tapachula;33
7090;Tapalapa;57.3
7091;Tapilula;47.6
7092;Tecpatán;55.4
7093;Tenejapa;79
7094;Teopisca;67.7
7096;Tila;74.7
7097;Tonalá;39.4
7098;Totolapa;70.9
7099;La Trinitaria;55.8
7100;Tumbalá;75.8
7101;Tuxtla Gutiérrez;13.1
7102;Tuxtla Chico;36.1
7103;Tuzantán;48.2
7104;Tzimol;41.6
7105;Unión Juárez;45
7106;Venustiano Carranza;53.7
7107;Villa Corzo;49.2
7108;Villaflores;41.9
7109;Yajalón;55.3
7110;San Lucas;68.9
7111;Zinacantán;71
7112;San Juan Cancuc;83.7
7113;Aldama;83.2
7114;Benemérito de las Américas;60.9
7115;Maravilla Tenejapa;82.4
7116;Marqués de Comillas;75.9
7117;Montecristo de Guerrero;70.6
7118;San Andrés Duraznal;76.2
7119;Santiago el Pinar;77.1
8001;Ahumada;4.2
8002;Aldama;11.3
8003;Allende;7.9
8004;Aquiles Serdán;2.9
8005;Ascensión;13.6
8006;Bachíniva;8.7
8007;Balleza;43.7
8008;Batopilas;64.8
8009;Bocoyna;25.6
8010;Buenaventura;6.4
8011;Camargo;9.9
8012;Carichí;39.7
8013;Casas Grandes;7.4
8014;Coronado;10.9
8015;Coyame del Sotol;9.2
8016;La Cruz;8.7
8017;Cuauhtémoc;13.5
8018;Cusihuiriachi;7.8
8019;Chihuahua;5.5
8020;Chínipas;57.3
8021;Delicias;5.8
8022;Dr. Belisario Domínguez;8
8023;Galeana;12.2
8024;Santa Isabel;8
8025;Gómez Farías;5
8026;Gran Morelos;8.1
8027;Guachochi;53.6
8028;Guadalupe;9
8029;Guadalupe y Calvo;65
8030;Guazapares;53.6
8031;Guerrero;13.6
8032;Hidalgo del Parral;10
8033;Huejotitán;18.4
8034;Ignacio Zaragoza;6.8
8035;Janos;10.3
8036;Jiménez;11.8
8037;Juárez;14.6
8038;Julimes;4.2
8039;López;6.3
8040;Madera;18.9
8041;Maguarichi;48.2
8042;Manuel Benavides;13.9
8043;Matachí;11.7
8044;Matamoros;6.9
8045;Meoqui;7.4
8046;Morelos;58.6
8047;Moris;42.3
8048;Namiquipa;6.1
8049;Nonoava;31.4
8050;Nuevo Casas Grandes;10.4
8051;Ocampo;35.7
8052;Ojinaga;14.7
8053;Praxedis G. Guerrero;9.5
8054;Riva Palacio;7.7
8055;Rosales;5.4
8056;Rosario;14.8
8057;San Francisco de Borja;12.4
8058;San Francisco de Conchos;5.9
8059;San Francisco del Oro;4.3
8060;Santa Bárbara;2.7
8061;Satevó;9.9
8062;Saucillo;4.8
8063;Temósachi;23.4
8064;El Tule;16.5
8065;Urique;48.3
8066;Uruachi;56.9
8067;Valle de Zaragoza;11.5
9002;Azcapotzalco;4.8
9003;Coyoacán;4.5
9004;Cuajimalpa de Morelos;8.1
9005;Gustavo A. Madero;8.2
9006;Iztacalco;5.8
9007;Iztapalapa;11
9008;La Magdalena Contreras;6.8
9009;Milpa Alta;12.5
9010;Álvaro Obregón;8.5
9011;Tláhuac;11
9012;Tlalpan;7.6
9013;Xochimilco;9.6
9014;Benito Juárez;1.8
9015;Cuauhtémoc;4.7
9016;Miguel Hidalgo;3
9017;Venustiano Carranza;6.4
10001;Canatlán;13.4
10002;Canelas;54.2
10003;Coneto de Comonfort;34.3
10004;Cuencamé;13.8
10005;Durango;12.7
10006;General Simón Bolívar;30.8
10007;Gómez Palacio;11.8
10008;Guadalupe Victoria;16.8
10009;Guanaceví;22.5
10010;Hidalgo;16.1
10011;Indé;16.7
10012;Lerdo;12.4
10013;Mapimí;13.1
10014;Mezquital;72
10015;Nazas;15.4
10016;Nombre de Dios;18.6
10017;Ocampo;11.7
10018;El Oro;10.5
10019;Otáez;60.3
10020;Pánuco de Coronado;15.1
10021;Peñón Blanco;16.3
10022;Poanas;15
10023;Pueblo Nuevo;52.4
10024;Rodeo;17.1
10025;San Bernardo;20.9
10026;San Dimas;43.5
10027;San Juan de Guadalupe;37.8
10028;San Juan del Río;20.8
10029;San Luis del Cordero;22.8
10030;San Pedro del Gallo;21.4
10031;Santa Clara;26.4
10032;Santiago Papasquiaro;29.2
10033;Súchil;22.8
10034;Tamazula;56.5
10035;Tepehuanes;25.7
10036;Tlahualilo;9.5
10037;Topia;38.7
10038;Vicente Guerrero;19
10039;Nuevo Ideal;19.4
11001;Abasolo;36.3
11002;Acámbaro;19.5
11003;San Miguel de Allende;36.1
11004;Apaseo el Alto;27.2
11005;Apaseo el Grande;24.2
11006;Atarjea;50.3
11007;Celaya;15
11008;Manuel Doblado;26.7
11009;Comonfort;35.1
11010;Coroneo;26.7
11011;Cortazar;20.9
11012;Cuerámaro;23.3
11013;Doctor Mora;35.5
11014;Dolores Hidalgo Cuna de la Independencia Nal.;32.6
11015;Guanajuato;11.6
11016;Huanímaro;27.3
11017;Irapuato;18
11018;Jaral del Progreso;19.8
11019;Jerécuaro;35.7
11020;León;14
11021;Moroleón;8.2
11022;Ocampo;39.3
11023;Pénjamo;31.4
11024;Pueblo Nuevo;17.6
11025;Purísima del Rincón;19.3
11026;Romita;32.3
11027;Salamanca;13.5
11028;Salvatierra;20.1
11029;San Diego de la Unión;39.7
11030;San Felipe;42.1
11031;San Francisco del Rincón;15.8
11032;San José Iturbide;18.2
11033;San Luis de la Paz;35.7
11034;Santa Catarina;41.4
11035;Santa Cruz de Juventino Rosas;35.3
11036;Santiago Maravatío;18.9
11037;Silao;25.1
11038;Tarandacuao;21.4
11039;Tarimoro;19.9
11040;Tierra Blanca;47
11041;Uriangato;13.5
11042;Valle de Santiago;27.4
11043;Victoria;44.7
11044;Villagrán;19.1
11045;Xichú;52.7
11046;Yuriria;21.6
12001;Acapulco de Juárez;22.9
12002;Ahuacuotzingo;66
12003;Ajuchitlán del Progreso;52.6
12004;Alcozauca de Guerrero;73.9
12005;Alpoyeca;38.9
12006;Apaxtla;40.2
12007;Arcelia;36.1
12008;Atenango del Río;42
12009;Atlamajalcingo del Monte;71.8
12010;Atlixtac;72.3
12011;Atoyac de Álvarez;38.9
12012;Ayutla de los Libres;72.1
12013;Azoyú;44.3
12014;Benito Juárez;20.2
12015;Buenavista de Cuéllar;15.2
12016;Coahuayutla de José María Izazaga;64.5
12017;Cocula;31.1
12018;Copala;37.4
12019;Copalillo;65.4
12020;Copanatoyac;72.1
12021;Coyuca de Benítez;33
12022;Coyuca de Catalán;41.2
12023;Cuajinicuilapa;38.7
12024;Cualác;57.1
12025;Cuautepec;58.4
12026;Cuetzala del Progreso;48.2
12027;Cutzamala de Pinzón;35.1
12028;Chilapa de Álvarez;57.8
12029;Chilpancingo de los Bravo;21.9
12030;Florencio Villarreal;40.3
12031;General Canuto A. Neri;59.1
12032;General Heliodoro Castillo;72.1
12033;Huamuxtitlán;31.1
12034;Huitzuco de los Figueroa;28.7
12035;Iguala de la Independencia;19.6
12036;Igualapa;49.2
12037;Ixcateopan de Cuauhtémoc;40.3
12038;José Azueta;15.8
12039;Juan R. Escudero;37.3
12040;Leonardo Bravo;55.5
12041;Malinaltepec;69
12042;Mártir de Cuilapan;56.6
12043;Metlatónoc;81.4
12044;Mochitlán;41.8
12045;Olinalá ;59.1
12046;Ometepec;53.5
12047;Pedro Ascencio Alquisiras;64
12048;Petatlán;37.3
12049;Pilcaya;33.2
12050;Pungarabato;23.6
12051;Quechultenango;56.2
12052;San Luis Acatlán;63.3
12053;San Marcos;42.1
12054;San Miguel Totolapan;69.2
12055;Taxco de Alarcón;22.1
12056;Tecoanapa;53
12057;Técpan de Galeana;30.1
12058;Teloloapan;43.9
12059;Tepecoacuilco de Trujano;27.4
12060;Tetipac;46.3
12061;Tixtla de Guerrero;49.8
12062;Tlacoachistlahuaca;71.8
12063;Tlacoapa;69
12064;Tlalchapa;27.6
12065;Tlalixtaquilla de Maldonado;51.6
12066;Tlapa de Comonfort;55.5
12067;Tlapehuala;28.7
12068;La Unión de Isidoro Montes de Oca;31.8
12069;Xalpatláhuac;66.9
12070;Xochihuehuetlán;46.1
12071;Xochistlahuaca;63.5
12072;Zapotitlán Tablas;68.7
12073;Zirándaro;52.1
12074;Zitlala;62.2
12075;Eduardo Neri;36.3
12076;Acatepec;78.7
12077;Marquelia;32.8
12078;Cochoapa el Grande;83.3
12079;José Joaquín de Herrera;74.6
12080;Juchitán;41.4
12081;Iliatenco;62.9
13001;Acatlán;25.8
13002;Acaxochitlán;39
13003;Actopan;18.5
13004;Agua Blanca de Iturbide;38.3
13005;Ajacuba;11.5
13006;Alfajayucan;28.9
13007;Almoloya;19.9
13008;Apan;16.6
13009;El Arenal;24.1
13010;Atitalaquia;5.5
13011;Atlapexco;42.1
13012;Atotonilco el Grande;21.6
13013;Atotonilco de Tula;4
13014;Calnali;42.5
13015;Cardonal;22.7
13016;Cuautepec de Hinojosa;27
13017;Chapantongo;28.5
13018;Chapulhuacán;42.4
13019;Chilcuautla;28.6
13020;Eloxochitlán;33.6
13021;Emiliano Zapata;8.2
13022;Epazoyucan;8.1
13023;Francisco I. Madero;11.3
13024;Huasca de Ocampo;30.5
13025;Huautla;44.5
13026;Huazalingo;56.5
13027;Huehuetla;49.5
13028;Huejutla de Reyes;36.6
13029;Huichapan;15.8
13030;Ixmiquilpan;25
13031;Jacala de Ledezma;22.9
13032;Jaltocán;41.9
13033;Juárez Hidalgo;36.2
13034;Lolotla;40.9
13035;Metepec;25.6
13036;San Agustín Metzquititlán;21.1
13037;Metztitlán;32.1
13038;Mineral del Chico;25.2
13039;Mineral del Monte;7.4
13040;La Misión;49.2
13041;Mixquiahuala de Juárez;18.1
13042;Molango de Escamilla;26.1
13043;Nicolás Flores;44.2
13044;Nopala de Villagrán;21.5
13045;Omitlán de Juárez;23.4
13046;San Felipe Orizatlán;52.1
13047;Pacula;38.4
13048;Pachuca de Soto;8.9
13049;Pisaflores;55.4
13050;Progreso de Obregón;13.4
13051;Mineral de la Reforma;3.7
13052;San Agustín Tlaxiaca;10.6
13053;San Bartolo Tutotepec;51.2
13054;San Salvador;15.2
13055;Santiago de Anaya;24.6
13056;Santiago Tulantepec de Lugo Guerrero;9.8
13057;Singuilucan;21.9
13058;Tasquillo;18.3
13059;Tecozautla;30.6
13060;Tenango de Doria;39.1
13061;Tepeapulco;11.1
13062;Tepehuacán de Guerrero;58.4
13063;Tepeji del Río de Ocampo;13.4
13064;Tepetitlán;17.6
13065;Tetepango;14.6
13066;Villa de Tezontepec;10.7
13067;Tezontepec de Aldama;18.4
13068;Tianguistengo;46.1
13069;Tizayuca;11.8
13070;Tlahuelilpan;12
13071;Tlahuiltepa;44.9
13072;Tlanalapa;6.7
13073;Tlanchinol;53.1
13074;Tlaxcoapan;11.2
13075;Tolcayuca;6.2
13076;Tula de Allende;8.9
13077;Tulancingo de Bravo;14.5
13078;Xochiatipan;59.1
13079;Xochicoatlán;40.6
13080;Yahualica;54.8
13081;Zacualtipán de Ángeles;22.3
13082;Zapotlán de Juárez;7.7
13083;Zempoala;9.5
13084;Zimapán;17.5
14001;Acatic;7.8
14002;Acatlán de Juárez;4.6
14003;Ahualulco de Mercado;12.4
14004;Amacueca;11.4
14005;Amatitán;8.3
14006;Ameca;12.7
14007;San Juanito de Escobedo;10.2
14008;Arandas;23.4
14009;El Arenal;7.9
14010;Atemajac de Brizuela;32
14011;Atengo;29.4
14012;Atenguillo;9.9
14013;Atotonilco el Alto;16.7
14014;Atoyac;15.1
14015;Autlán de Navarro;10.5
14016;Ayotlán;15.4
14017;Ayutla;21.6
14018;La Barca;15.2
14019;Bolaños;46.5
14020;Cabo Corrientes;19.8
14021;Casimiro Castillo;8.9
14022;Cihuatlán;18
14023;Zapotlán el Grande;9.1
14024;Cocula;7.1
14025;Colotlán;10.2
14026;Concepción de Buenos Aires;12.6
14027;Cuautitlán de García Barragán;39.3
14028;Cuautla;16.2
14029;Cuquío;24.9
14030;Chapala;12.4
14031;Chimaltitán;43.1
14032;Chiquilistlán;32.9
14033;Degollado;14.4
14034;Ejutla;10.7
14035;Encarnación de Díaz;19.6
14036;Etzatlán;9.4
14037;El Grullo;10.5
14038;Guachinango;23.2
14039;Guadalajara;9.3
14040;Hostotipaquillo;32.9
14041;Huejúcar;13.9
14042;Huejuquilla el Alto;22.9
14043;La Huerta;14.6
14044;Ixtlahuacán de los Membrillos;5.8
14045;Ixtlahuacán del Río;19.1
14046;Jalostotitlán;22
14047;Jamay;14.8
14048;Jesús María;16.9
14049;Jilotlán de los Dolores;29.8
14050;Jocotepec;23.6
14051;Juanacatlán;4.3
14052;Juchitlán;11.8
14053;Lagos de Moreno;18.7
14054;El Limón;6.3
14055;Magdalena;13.5
14056;Santa María del Oro;41
14057;La Manzanilla de la Paz;9.9
14058;Mascota;9.1
14059;Mazamitla;12.3
14060;Mexticacán;17.5
14061;Mezquitic;57.5
14062;Mixtlán;22
14063;Ocotlán;13.7
14064;Ojuelos de Jalisco;29.5
14065;Pihuamo;12.9
14066;Poncitlán;26.6
14067;Puerto Vallarta;18.8
14068;Villa Purificación;29.4
14069;Quitupan;25.2
14070;El Salto;21.4
14071;San Cristóbal de la Barranca;29.8
14072;San Diego de Alejandría;15.7
14073;San Juan de los Lagos;16.6
14074;San Julián;7.8
14075;San Marcos;11.5
14076;San Martín de Bolaños;23.7
14077;San Martín Hidalgo;6.4
14078;San Miguel el Alto;20.4
14079;Gómez Farías;11.4
14080;San Sebastián del Oeste;23.1
14081;Santa María de los Ángeles;22.6
14082;Sayula;19.2
14083;Tala;10.6
14084;Talpa de Allende;22.5
14085;Tamazula de Gordiano;14
14086;Tapalpa;19.5
14087;Tecalitlán;15.1
14088;Tecolotlán;10.2
14089;Techaluta de Montenegro;14.2
14090;Tenamaxtlán;11.6
14091;Teocaltiche;23.1
14092;Teocuitatlán de Corona;17.3
14093;Tepatitlán de Morelos;11.5
14094;Tequila;22.4
14095;Teuchitlán;5.7
14096;Tizapán el Alto;19.1
14097;Tlajomulco de Zúñiga;8.7
14098;Tlaquepaque;17.8
14099;Tolimán;27.9
14100;Tomatlán;19.3
14101;Tonalá;15
14102;Tonaya;7.6
14103;Tonila;8.1
14104;Totatiche;17
14105;Tototlán;7.9
14106;Tuxcacuesco;22.3
14107;Tuxcueca;14.3
14108;Tuxpan;28.7
14109;Unión de San Antonio;17
14110;Unión de Tula;9.7
14111;Valle de Guadalupe;4.7
14112;Valle de Juárez;9.6
14113;San Gabriel;13.5
14114;Villa Corona;7.1
14115;Villa Guerrero;25.7
14116;Villa Hidalgo;11.5
14117;Cañadas de Obregón;11.6
14118;Yahualica de González Gallo;12.3
14119;Zacoalco de Torres;31.6
14120;Zapopan;8.5
14121;Zapotiltic;15.1
14122;Zapotitlán de Vadillo;29.2
14123;Zapotlán del Rey;15.8
14124;Zapotlanejo;14.9
14125;San Ignacio Cerro Gordo;17.9
15001;Acambay;37.3
15002;Acolman;17.9
15003;Aculco;25
15004;Almoloya de Alquisiras;35.1
15005;Almoloya de Juárez;18.1
15006;Almoloya del Río;10.4
15007;Amanalco;36.8
15008;Amatepec;31.7
15009;Amecameca;25
15010;Apaxco;6.4
15011;Atenco;15.9
15012;Atizapán;16.3
15013;Atizapán de Zaragoza;10.9
15014;Atlacomulco;19
15015;Atlautla;25.2
15016;Axapusco;16.2
15017;Ayapango;11.1
15018;Calimaya;9.7
15019;Capulhuac;17.2
15020;Coacalco de Berriozábal;8.7
15021;Coatepec Harinas;29.9
15022;Cocotitlán;3.4
15023;Coyotepec;33.2
15024;Cuautitlán;8.6
15025;Chalco;27.7
15026;Chapa de Mota;26.9
15027;Chapultepec;6.6
15028;Chiautla;5.6
15029;Chicoloapan;16.8
15030;Chiconcuac;19.5
15031;Chimalhuacán;37.2
15032;Donato Guerra;48.3
15033;Ecatepec de Morelos;16.1
15034;Ecatzingo;29.1
15035;Huehuetoca;12.2
15036;Hueypoxtla;17
15037;Huixquilucan;8.3
15038;Isidro Fabela;13.4
15039;Ixtapaluca;15.7
15040;Ixtapan de la Sal;29.9
15041;Ixtapan del Oro;47
15042;Ixtlahuaca;27.1
15043;Xalatlaco;34.2
15044;Jaltenco;12.5
15045;Jilotepec;19
15046;Jilotzingo;9.2
15047;Jiquipilco;34.7
15048;Jocotitlán;12.4
15049;Joquicingo;20.5
15050;Juchitepec;34.3
15051;Lerma;14.2
15052;Malinalco;28.7
15053;Melchor Ocampo;19.8
15054;Metepec;9.2
15055;Mexicaltzingo;7.2
15056;Morelos;33.8
15057;Naucalpan de Juárez;13.8
15058;Nezahualcóyotl;10.9
15059;Nextlalpan;15.1
15060;Nicolás Romero;13.3
15061;Nopaltepec;8.9
15062;Ocoyoacac;12.6
15063;Ocuilan;34.2
15064;El Oro;34.3
15065;Otumba;11.7
15066;Otzoloapan;44.1
15067;Otzolotepec;23
15068;Ozumba;30.6
15069;Papalotla;6.4
15070;La Paz;17.6
15071;Polotitlán;11.6
15072;Rayón;8.6
15073;San Antonio la Isla;12.9
15074;San Felipe del Progreso;46.7
15075;San Martín de las Pirámides;7.6
15076;San Mateo Atenco;22.8
15077;San Simón de Guerrero;35.8
15078;Santo Tomás;29
15079;Soyaniquilpan de Juárez;17
15080;Sultepec;54.4
15081;Tecámac;15.5
15082;Tejupilco;42.7
15083;Temamatla;7
15084;Temascalapa;13.2
15085;Temascalcingo;36.4
15086;Temascaltepec;38.6
15087;Temoaya;31.9
15088;Tenancingo;19.6
15089;Tenango del Aire;8.1
15090;Tenango del Valle;20.1
15091;Teoloyucán;17.6
15092;Teotihuacán;13.9
15093;Tepetlaoxtoc;8.9
15094;Tepetlixpa;15.8
15095;Tepotzotlán;10.4
15096;Tequixquiac;15.3
15097;Texcaltitlán;39.9
15098;Texcalyacac;10
15099;Texcoco;12.9
15100;Tezoyuca;18.7
15101;Tianguistenco;18.2
15102;Timilpan;21.2
15103;Tlalmanalco;11.6
15104;Tlalnepantla de Baz;13.1
15105;Tlatlaya;40.9
15106;Toluca;13.5
15107;Tonatico;12.8
15108;Tultepec;19.3
15109;Tultitlán;14.8
15110;Valle de Bravo;28.2
15111;Villa de Allende;46.8
15112;Villa del Carbón;32.2
15113;Villa Guerrero;24.4
15114;Villa Victoria;38.2
15115;Xonacatlán;19
15116;Zacazonapan;21.6
15117;Zacualpan;46.1
15118;Zinacantepec;29.9
15119;Zumpahuacán;51.3
15120;Zumpango;16.5
15121;Cuautitlán Izcalli;12.4
15122;Valle de Chalco Solidaridad;26.3
15123;Luvianos;43.8
15124;San José del Rincón;55.5
15125;Tonanitla;6.4
16001;Acuitzio;27.6
16002;Aguililla;28.7
16003;Álvaro Obregón;22.4
16004;Angamacutiro;23.4
16005;Angangueo;20.5
16006;Apatzingán;26.5
16007;Aporo;31.5
16008;Aquila;51.4
16009;Ario;25.7
16010;Arteaga;37.1
16011;Briseñas;10.7
16012;Buenavista;16.5
16013;Carácuaro;47
16014;Coahuayana;19.8
16015;Coalcomán de Vázquez Pallares;28.9
16016;Coeneo;23.3
16017;Contepec;35.2
16018;Copándaro;29.1
16019;Cotija;16
16020;Cuitzeo;26
16021;Charapan;42.8
16022;Charo;17.2
16023;Chavinda;18
16024;Cherán;34.4
16025;Chilchota;29.4
16026;Chinicuila;44.8
16027;Chucándiro;26
16028;Churintzio;9.8
16029;Churumuco;42.9
16030;Ecuandureo;16.3
16031;Epitacio Huerta;40.4
16032;Erongarícuaro;30.3
16033;Gabriel Zamora;20.8
16034;Hidalgo;28.8
16035;La Huacana;34.4
16036;Huandacareo;13.9
16037;Huaniqueo;24.4
16038;Huetamo;32.8
16039;Huiramba;28.8
16040;Indaparapeo;26.6
16041;Irimbo;26.1
16042;Ixtlán;17.3
16043;Jacona;26.8
16044;Jiménez;20.8
16045;Jiquilpan;15
16046;Juárez;29.9
16047;Jungapeo;32.5
16048;Lagunillas;23.4
16049;Madero;45.6
16050;Maravatío;35.3
16051;Marcos Castellanos;6.8
16052;Lázaro Cárdenas;16.6
16053;Morelia;12.4
16054;Morelos;26.7
16055;Múgica;36.7
16056;Nahuatzen;45.1
16057;Nocupétaro;52.2
16058;Nuevo Parangaricutiro;18.4
16059;Nuevo Urecho;26.4
16060;Numarán;17.6
16061;Ocampo;42.6
16062;Pajacuarán;25.4
16063;Panindícuaro;32.5
16064;Parácuaro;32.7
16065;Paracho;36.1
16066;Pátzcuaro;28.6
16067;Penjamillo;24.2
16068;Peribán;15.8
16069;La Piedad;15.4
16070;Purépero;7.9
16071;Puruándiro;26.9
16072;Queréndaro;27.5
16073;Quiroga;16.8
16074;Cojumatlán de Régules;21.7
16075;Los Reyes;26.8
16076;Sahuayo;14.8
16077;San Lucas;26.5
16078;Santa Ana Maya;27.1
16079;Salvador Escalante;29.6
16080;Senguio;35.6
16081;Susupuato;53.3
16082;Tacámbaro;26.1
16083;Tancítaro;32.3
16084;Tangamandapio;29.9
16085;Tangancícuaro;19.6
16086;Tanhuato;18.3
16087;Taretan;12.2
16088;Tarímbaro;8.2
16089;Tepalcatepec;24.8
16090;Tingambato;24.2
16091;Tingüindín;12.6
16092;Tiquicheo de Nicolás Romero;49.2
16093;Tlalpujahua;28.5
16094;Tlazazalca;14.7
16095;Tocumbo;8.2
16096;Tumbiscatío;43.7
16097;Turicato;40.7
16098;Tuxpan;25.6
16099;Tuzantla;44.9
16100;Tzintzuntzan;24.9
16101;Tzitzio;52.9
16102;Uruapan;22.7
16103;Venustiano Carranza;16.4
16104;Villamar;21.1
16105;Vista Hermosa;13.4
16106;Yurécuaro;22.3
16107;Zacapu;15.9
16108;Zamora;19.1
16109;Zináparo;10.6
16110;Zinapécuaro;23.8
16111;Ziracuaretiro;25.7
16112;Zitácuaro;32.1
16113;José Sixto Verduzco;20.3
17001;Amacuzac;18.4
17002;Atlatlahucan;16.9
17003;Axochiapan;28.2
17004;Ayala;14
17005;Coatlán del Río;20.7
17006;Cuautla;14.9
17007;Cuernavaca;8.5
17008;Emiliano Zapata;11.4
17009;Huitzilac;12.2
17010;Jantetelco;16.6
17011;Jiutepec;7.1
17012;Jojutla;7.8
17013;Jonacatepec;14.4
17014;Mazatepec;10.1
17015;Miacatlán;23.4
17016;Ocuituco;26
17017;Puente de Ixtla;38
17018;Temixco;22.6
17019;Tepalcingo;22.4
17020;Tepoztlán;12.3
17021;Tetecala;13.6
17022;Tetela del Volcán;33.6
17023;Tlalnepantla;21.7
17024;Tlaltizapán;16.3
17025;Tlaquiltenango;22.9
17026;Tlayacapan;13.7
17027;Totolapan;24.3
17028;Xochitepec;16.7
17029;Yautepec;19.2
17030;Yecapixtla;20
17031;Zacatepec de Hidalgo;9.3
17032;Zacualpan de Amilpas;17.5
17033;Temoac;23.7
18001;Acaponeta;24.3
18002;Ahuacatlán;10.1
18003;Amatlán de Cañas;11.1
18004;Compostela;10.5
18005;Huajicori;58.5
18006;Ixtlán del Río;18.7
18007;Jala;26.1
18008;Xalisco;8.7
18009;Del Nayar;75
18010;Rosamorada;22.8
18011;Ruíz;27.4
18012;San Blas;12.4
18013;San Pedro Lagunillas;9.1
18014;Santa María del Oro;18.4
18015;Santiago Ixcuintla;15.3
18016;Tecuala;14.4
18017;Tepic;9.6
18018;Tuxpan;17.3
18019;La Yesca;54.8
18020;Bahía de Banderas;6
19001;Abasolo;4.3
19002;Agualeguas;4.1
19003;Los Aldamas;6.9
19004;Allende;7.5
19005;Anáhuac;13.4
19006;Apodaca;6.7
19007;Aramberri;35.4
19008;Bustamante;5.9
19009;Cadereyta Jiménez;8.1
19010;Carmen;2.4
19011;Cerralvo;3.9
19012;Ciénega de Flores;5.8
19013;China;4.6
19014;Dr. Arroyo;37.6
19015;Dr. Coss;9.1
19016;Dr. González;6.2
19017;Galeana;24.8
19018;García;10.9
19019;San Pedro Garza García;5.5
19020;Gral. Bravo;5.1
19021;Gral. Escobedo;7.9
19022;Gral. Terán;5.2
19023;Gral. Treviño;5.4
19024;Gral. Zaragoza;42.7
19025;Gral. Zuazua;4.4
19026;Guadalupe;7.2
19027;Los Herreras;6.7
19028;Higueras;5.3
19029;Hualahuises;5.3
19030;Iturbide;23.8
19031;Juárez;8.6
19032;Lampazos de Naranjo;6.9
19033;Linares;11.4
19034;Marín;3.2
19035;Melchor Ocampo;4.1
19036;Mier y Noriega;49.7
19037;Mina;8
19038;Montemorelos;8.8
19039;Monterrey;7.6
19040;Parás;4.5
19041;Pesquería;4.8
19042;Los Ramones;8.6
19043;Rayones;24.8
19044;Sabinas Hidalgo;7.2
19045;Salinas Victoria;5.9
19046;San Nicolás de los Garza;3.7
19047;Hidalgo;11.1
19048;Santa Catarina;8.2
19049;Santiago;5.3
19050;Vallecillo;7.5
19051;Villaldama;4.6
20001;Abejones;56.9
20002;Acatlán de Pérez Figueroa;29
20003;Asunción Cacalotepec;52.1
20004;Asunción Cuyotepeji;30.4
20005;Asunción Ixtaltepec;17
20006;Asunción Nochixtlán;25.1
20007;Asunción Ocotlán;54.8
20008;Asunción Tlacolulita;35
20009;Ayotzintepec;50.6
20010;El Barrio de la Soledad;6.5
20011;Calihualá;54
20012;Candelaria Loxicha;63.1
20013;Ciénega de Zimatlán;19.1
20014;Ciudad Ixtepec;13.9
20015;Coatecas Altas;60.2
20016;Coicoyán de las Flores;82.7
20017;La Compañía;55.2
20018;Concepción Buenavista;44.2
20019;Concepción Pápalo;51.1
20020;Constancia del Rosario;59.7
20021;Cosolapa;21.2
20022;Cosoltepec;22.5
20023;Cuilápam de Guerrero;22.5
20024;Cuyamecalco Villa de Zaragoza;56.2
20025;Chahuites;27.3
20026;Chalcatongo de Hidalgo;38.6
20027;Chiquihuitlán de Benito Juárez;49.4
20028;Heroica Ciudad de Ejutla de Crespo;35.7
20029;Eloxochitlán de Flores Magón;63.6
20030;El Espinal;4.1
20031;Tamazulápam del Espíritu Santo;45.6
20032;Fresnillo de Trujano;35.9
20033;Guadalupe Etla;8.3
20034;Guadalupe de Ramírez;40.1
20035;Guelatao de Juárez;5.8
20036;Guevea de Humboldt;54.8
20037;Mesones Hidalgo;56.4
20038;Villa Hidalgo;35.6
20039;Heroica Ciudad de Huajuapan de León;16.5
20040;Huautepec;66
20041;Huautla de Jiménez;47.7
20042;Ixtlán de Juárez;41.4
20043;Juchitán de Zaragoza;21.6
20044;Loma Bonita;24.7
20045;Magdalena Apasco;8.1
20046;Magdalena Jaltepec;41.6
20047;Santa Magdalena Jicotlán;30.7
20048;Magdalena Mixtepec;75
20049;Magdalena Ocotlán;41.3
20050;Magdalena Peñasco;61.9
20051;Magdalena Teitipac;58.2
20052;Magdalena Tequisistlán;22.7
20053;Magdalena Tlacotepec;10.3
20054;Magdalena Zahuatlán;38.2
20055;Mariscala de Juárez;36.6
20056;Mártires de Tacubaya;48.7
20057;Matías Romero Avendaño;29.1
20058;Mazatlán Villa de Flores;61.7
20059;Miahuatlán de Porfirio Díaz;35.6
20060;Mixistlán de la Reforma;56.5
20061;Monjas;52.9
20062;Natividad;16.9
20063;Nazareno Etla;5.3
20064;Nejapa de Madero;40.7
20065;Ixpantepec Nieves;37.5
20066;Santiago Niltepec;24.6
20067;Oaxaca de Juárez;8.2
20068;Ocotlán de Morelos;28.5
20069;La Pe;60.9
20070;Pinotepa de Don Luis;45.9
20071;Pluma Hidalgo;55.7
20072;San José del Progreso;44.9
20073;Putla Villa de Guerrero;35.1
20074;Santa Catarina Quioquitani;64.4
20075;Reforma de Pineda;17.9
20076;La Reforma;48
20077;Reyes Etla;16.9
20078;Rojas de Cuauhtémoc;9.5
20079;Salina Cruz;9.8
20080;San Agustín Amatengo;34.3
20081;San Agustín Atenango;38.3
20082;San Agustín Chayuco;52.1
20083;San Agustín de las Juntas;12.9
20084;San Agustín Etla;3.3
20085;San Agustín Loxicha;70.1
20086;San Agustín Tlacotepec;31.3
20087;San Agustín Yatareni;22.9
20088;San Andrés Cabecera Nueva;63.8
20089;San Andrés Dinicuiti;32.3
20090;San Andrés Huaxpaltepec;32.8
20091;San Andrés Huayápam;4.6
20092;San Andrés Ixtlahuaca;25
20093;San Andrés Lagunas;39
20094;San Andrés Nuxiño;55
20095;San Andrés Paxtlán;60.6
20096;San Andrés Sinaxtla;14.2
20097;San Andrés Solaga;44.9
20098;San Andrés Teotilálpam;60.9
20099;San Andrés Tepetlapa;62.3
20100;San Andrés Yaá;30.5
20101;San Andrés Zabache;49.9
20102;San Andrés Zautla;16.3
20103;San Antonino Castillo Velasco;23.7
20104;San Antonino el Alto;59
20105;San Antonino Monte Verde;64.1
20106;San Antonio Acutla;31.8
20107;San Antonio de la Cal;17.9
20108;San Antonio Huitepec;60.9
20109;San Antonio Nanahuatípam;20.1
20110;San Antonio Sinicahua;61.9
20111;San Antonio Tepetlapa;63.5
20112;San Baltazar Chichicápam;31.6
20113;San Baltazar Loxicha;54
20114;San Baltazar Yatzachi el Bajo;34.1
20115;San Bartolo Coyotepec;5.8
20116;San Bartolomé Ayautla;67.9
20117;San Bartolomé Loxicha;62.3
20118;San Bartolomé Quialana;46.3
20119;San Bartolomé Yucuañe;42.3
20120;San Bartolomé Zoogocho;28
20121;San Bartolo Soyaltepec;32.4
20122;San Bartolo Yautepec;44
20123;San Bernardo Mixtepec;51.1
20124;San Blas Atempa;41.4
20125;San Carlos Yautepec;64.5
20126;San Cristóbal Amatlán;65.4
20127;San Cristóbal Amoltepec;62.2
20128;San Cristóbal Lachirioag;27.8
20129;San Cristóbal Suchixtlahuaca;22.2
20130;San Dionisio del Mar;45.5
20131;San Dionisio Ocotepec;53.4
20132;San Dionisio Ocotlán;22.2
20133;San Esteban Atatlahuca;59.8
20134;San Felipe Jalapa de Díaz;60.8
20135;San Felipe Tejalápam;38
20136;San Felipe Usila;64.9
20137;San Francisco Cahuacuá;66.1
20138;San Francisco Cajonos;24.9
20139;San Francisco Chapulapa;67.9
20140;San Francisco Chindúa;38
20141;San Francisco del Mar;38.8
20142;San Francisco Huehuetlán;48.5
20143;San Francisco Ixhuatán;33.6
20144;San Francisco Jaltepetongo;35.1
20145;San Francisco Lachigoló;15.5
20146;San Francisco Logueche;66.3
20147;San Francisco Nuxaño;39.4
20148;San Francisco Ozolotepec;63.3
20149;San Francisco Sola;54.4
20150;San Francisco Telixtlahuaca;17.4
20151;San Francisco Teopan;53.4
20152;San Francisco Tlapancingo;63
20153;San Gabriel Mixtepec;45.2
20154;San Ildefonso Amatlán;60.2
20155;San Ildefonso Sola;63.4
20156;San Ildefonso Villa Alta;34.6
20157;San Jacinto Amilpas;4.7
20158;San Jacinto Tlacotepec;67.5
20159;San Jerónimo Coatlán;66.3
20160;San Jerónimo Silacayoapilla;29.4
20161;San Jerónimo Sosola;45.4
20162;San Jerónimo Taviche;51.2
20163;San Jerónimo Tecóatl;47.6
20164;San Jorge Nuchita;52.9
20165;San José Ayuquila;42.4
20166;San José Chiltepec;28.3
20167;San José del Peñasco;50.8
20168;San José Estancia Grande;45.8
20169;San José Independencia;63.1
20170;San José Lachiguiri;70.5
20171;San José Tenango;66.7
20172;San Juan Achiutla;26.3
20173;San Juan Atepec;37
20174;Ánimas Trujano;5.6
20175;San Juan Bautista Atatlahuca;56.5
20176;San Juan Bautista Coixtlahuaca;42.2
20177;San Juan Bautista Cuicatlán;35.1
20178;San Juan Bautista Guelache;12.1
20179;San Juan Bautista Jayacatlán;51.9
20180;San Juan Bautista Lo de Soto;39.7
20181;San Juan Bautista Suchitepec;33.9
20182;San Juan Bautista Tlacoatzintepec;65.9
20183;San Juan Bautista Tlachichilco;62.4
20184;San Juan Bautista Tuxtepec;27.5
20185;San Juan Cacahuatepec;37.1
20186;San Juan Cieneguilla;42.5
20187;San Juan Coatzóspam;58.4
20188;San Juan Colorado;56.9
20189;San Juan Comaltepec;72.4
20190;San Juan Cotzocón;44
20191;San Juan Chicomezúchil;21.6
20192;San Juan Chilateca;7.7
20193;San Juan del Estado;24.5
20194;San Juan del Río;30.7
20195;San Juan Diuxi;43.4
20196;San Juan Evangelista Analco;33
20197;San Juan Guelavía;26.1
20198;San Juan Guichicovi;44.5
20199;San Juan Ihualtepec;55.9
20200;San Juan Juquila Mixes;57.6
20201;San Juan Juquila Vijanos;59.3
20202;San Juan Lachao;58.3
20203;San Juan Lachigalla;69.3
20204;San Juan Lajarcia;41
20205;San Juan Lalana;61.5
20206;San Juan de los Cués;40.1
20207;San Juan Mazatlán;56.4
20208;San Juan Mixtepec - Dto. 08 -;41.7
20209;San Juan Mixtepec - Dto. 26 -;42.5
20210;San Juan Ñumí;64.4
20211;San Juan Ozolotepec;69.2
20212;San Juan Petlapa;79.9
20213;San Juan Quiahije;69.9
20214;San Juan Quiotepec;51.5
20215;San Juan Sayultepec;23.6
20216;San Juan Tabaá;50
20217;San Juan Tamazola;67
20218;San Juan Teita;62.5
20219;San Juan Teitipac;39.8
20220;San Juan Tepeuxila;54.9
20221;San Juan Teposcolula;35.8
20222;San Juan Yaeé;44.7
20223;San Juan Yatzona;49.4
20224;San Juan Yucuita;23.1
20225;San Lorenzo;58
20226;San Lorenzo Albarradas;44.3
20227;San Lorenzo Cacaotepec;9.2
20228;San Lorenzo Cuaunecuiltitla;66.4
20229;San Lorenzo Texmelúcan;78
20230;San Lorenzo Victoria;35.6
20231;San Lucas Camotlán;70.3
20232;San Lucas Ojitlán;63.2
20233;San Lucas Quiaviní;39.9
20234;San Lucas Zoquiápam;62
20235;San Luis Amatlán;48.3
20236;San Marcial Ozolotepec;68
20237;San Marcos Arteaga;32.8
20238;San Martín de los Cansecos;48.7
20239;San Martín Huamelúlpam;32.3
20240;San Martín Itunyoso;69.2
20241;San Martín Lachilá;42
20242;San Martín Peras;81.6
20243;San Martín Tilcajete;24.7
20244;San Martín Toxpalan;41.8
20245;San Martín Zacatepec;38.3
20246;San Mateo Cajonos;43
20247;Capulálpam de Méndez;11.9
20248;San Mateo del Mar;52.5
20249;San Mateo Yoloxochitlán;50.7
20250;San Mateo Etlatongo;35.6
20251;San Mateo Nejápam;63.8
20252;San Mateo Peñasco;49.4
20253;San Mateo Piñas;54.1
20254;San Mateo Río Hondo;52.1
20255;San Mateo Sindihui;63.9
20256;San Mateo Tlapiltepec;38.4
20257;San Melchor Betaza;54.3
20258;San Miguel Achiutla;38.5
20259;San Miguel Ahuehuetitlán;67.8
20260;San Miguel Aloápam;54.5
20261;San Miguel Amatitlán;59.9
20262;San Miguel Amatlán;40.1
20263;San Miguel Coatlán;67.9
20264;San Miguel Chicahua;53.7
20265;San Miguel Chimalapa;44
20266;San Miguel del Puerto;52.9
20267;San Miguel del Río;38.6
20268;San Miguel Ejutla;32.3
20269;San Miguel el Grande;35.4
20270;San Miguel Huautla;62.5
20271;San Miguel Mixtepec;75.5
20272;San Miguel Panixtlahuaca;64.3
20273;San Miguel Peras;69.5
20274;San Miguel Piedras;67.9
20275;San Miguel Quetzaltepec;54.6
20276;San Miguel Santa Flor;56.6
20277;Villa Sola de Vega;62.9
20278;San Miguel Soyaltepec;51.4
20279;San Miguel Suchixtepec;48.3
20280;Villa Talea de Castro;32.5
20281;San Miguel Tecomatlán;21.5
20282;San Miguel Tenango;54.1
20283;San Miguel Tequixtepec;39.3
20284;San Miguel Tilquiápam;64.2
20285;San Miguel Tlacamama;44.7
20286;San Miguel Tlacotepec;40.4
20287;San Miguel Tulancingo;27.5
20288;San Miguel Yotao;60.9
20289;San Nicolás;36
20290;San Nicolás Hidalgo;43.1
20291;San Pablo Coatlán;63.4
20292;San Pablo Cuatro Venados;69.4
20293;San Pablo Etla;3.8
20294;San Pablo Huitzo;11.6
20295;San Pablo Huixtepec;19.6
20296;San Pablo Macuiltianguis;31.9
20297;San Pablo Tijaltepec;67.8
20298;San Pablo Villa de Mitla;29
20299;San Pablo Yaganiza;38.4
20300;San Pedro Amuzgos;56.3
20301;San Pedro Apóstol;24
20302;San Pedro Atoyac;61.7
20303;San Pedro Cajonos;36.2
20304;San Pedro Coxcaltepec Cántaros;54.9
20305;San Pedro Comitancillo;6.7
20306;San Pedro el Alto;58.6
20307;San Pedro Huamelula;32.7
20308;San Pedro Huilotepec;24.3
20309;San Pedro Ixcatlán;61.3
20310;San Pedro Ixtlahuaca;24.6
20311;San Pedro Jaltepetongo;50
20312;San Pedro Jicayán;55.5
20313;San Pedro Jocotipac;43.9
20314;San Pedro Juchatengo;35.4
20315;San Pedro Mártir;57
20316;San Pedro Mártir Quiechapa;60.5
20317;San Pedro Mártir Yucuxaco;45.5
20318;San Pedro Mixtepec - Dto. 22 -;27.4
20319;San Pedro Mixtepec - Dto. 26 -;49.6
20320;San Pedro Molinos;41.3
20321;San Pedro Nopala;58.8
20322;San Pedro Ocopetatillo;59.5
20323;San Pedro Ocotepec;67.4
20324;San Pedro Pochutla;31.3
20325;San Pedro Quiatoni;63.4
20326;San Pedro Sochiápam;65.9
20327;San Pedro Tapanatepec;24.3
20328;San Pedro Taviche;59.1
20329;San Pedro Teozacoalco;54.2
20330;San Pedro Teutila;60.6
20331;San Pedro Tidaá;42.5
20332;San Pedro Topiltepec;37.2
20333;San Pedro Totolapa;23
20334;Villa de Tututepec de Melchor Ocampo;35.2
20335;San Pedro Yaneri;61.1
20336;San Pedro Yólox;51.4
20337;San Pedro y San Pablo Ayutla;53.2
20338;Villa de Etla;7.1
20339;San Pedro y San Pablo Teposcolula;19.4
20340;San Pedro y San Pablo Tequixtepec;34.5
20341;San Pedro Yucunama;34.6
20342;San Raymundo Jalpan;18
20343;San Sebastián Abasolo;33.9
20344;San Sebastián Coatlán;54.8
20345;San Sebastián Ixcapa;41
20346;San Sebastián Nicananduta;38.2
20347;San Sebastián Río Hondo;60.9
20348;San Sebastián Tecomaxtlahuaca;41.5
20349;San Sebastián Teitipac;35.9
20350;San Sebastián Tutla;1
20351;San Simón Almolongas;45.1
20352;San Simón Zahuatlán;78.6
20353;Santa Ana;53
20354;Santa Ana Ateixtlahuaca;64.8
20355;Santa Ana Cuauhtémoc;57
20356;Santa Ana del Valle;28.9
20357;Santa Ana Tavela;43.2
20358;Santa Ana Tlapacoyan;33.8
20359;Santa Ana Yareni;41.9
20360;Santa Ana Zegache;43.2
20361;Santa Catalina Quierí;62.2
20362;Santa Catarina Cuixtla;31.1
20363;Santa Catarina Ixtepeji;30.1
20364;Santa Catarina Juquila;35.9
20365;Santa Catarina Lachatao;42.4
20366;Santa Catarina Loxicha;67.8
20367;Santa Catarina Mechoacán;57.6
20368;Santa Catarina Minas;39.2
20369;Santa Catarina Quiané;24.4
20370;Santa Catarina Tayata;35.6
20371;Santa Catarina Ticuá;36.3
20372;Santa Catarina Yosonotú;43.6
20373;Santa Catarina Zapoquila;50.1
20374;Santa Cruz Acatepec;59.1
20375;Santa Cruz Amilpas;4.1
20376;Santa Cruz de Bravo;38.5
20377;Santa Cruz Itundujia;69.6
20378;Santa Cruz Mixtepec;43.5
20379;Santa Cruz Nundaco;59.2
20380;Santa Cruz Papalutla;32.2
20381;Santa Cruz Tacache de Mina;33.6
20382;Santa Cruz Tacahua;62.1
20383;Santa Cruz Tayata;44.7
20384;Santa Cruz Xitla;55.4
20385;Santa Cruz Xoxocotlán;12.5
20386;Santa Cruz Zenzontepec;74.2
20387;Santa Gertrudis;29
20388;Santa Inés del Monte;67
20389;Santa Inés Yatzeche;46
20390;Santa Lucía del Camino;10.1
20391;Santa Lucía Miahuatlán;74.2
20392;Santa Lucía Monteverde;63.9
20393;Santa Lucía Ocotlán;49.3
20394;Santa María Alotepec;51.6
20395;Santa María Apazco;59.5
20396;Santa María la Asunción;63.3
20397;Heroica Ciudad de Tlaxiaco;18
20398;Ayoquezco de Aldama;37.5
20399;Santa María Atzompa;14.5
20400;Santa María Camotlán;24.7
20401;Santa María Colotepec;28.4
20402;Santa María Cortijo;46
20403;Santa María Coyotepec;11.6
20404;Santa María Chachoápam;27.9
20405;Villa de Chilapa de Díaz;36
20406;Santa María Chilchotla;66.3
20407;Santa María Chimalapa;62.3
20408;Santa María del Rosario;36.6
20409;Santa María del Tule;2.3
20410;Santa María Ecatepec;47
20411;Santa María Guelacé;23.2
20412;Santa María Guienagati;58.9
20413;Santa María Huatulco;20.4
20414;Santa María Huazolotitlán;33.5
20415;Santa María Ipalapa;50.7
20416;Santa María Ixcatlán;40.8
20417;Santa María Jacatepec;49.6
20418;Santa María Jalapa del Marqués;22.5
20419;Santa María Jaltianguis;25.7
20420;Santa María Lachixío;64.2
20421;Santa María Mixtequilla;18.4
20422;Santa María Nativitas;38.2
20423;Santa María Nduayaco;37.8
20424;Santa María Ozolotepec;62.2
20425;Santa María Pápalo;64
20426;Santa María Peñoles;75.5
20427;Santa María Petapa;23.4
20428;Santa María Quiegolani;65
20429;Santa María Sola;57.6
20430;Santa María Tataltepec;45.8
20431;Santa María Tecomavaca;34
20432;Santa María Temaxcalapa;39.7
20433;Santa María Temaxcaltepec;69
20434;Santa María Teopoxco;64.9
20435;Santa María Tepantlali;57.5
20436;Santa María Texcatitlán;45.6
20437;Santa María Tlahuitoltepec;50.1
20438;Santa María Tlalixtac;58.2
20439;Santa María Tonameca;57
20440;Santa María Totolapilla;36
20441;Santa María Xadani;35.8
20442;Santa María Yalina;40.9
20443;Santa María Yavesía;35.3
20444;Santa María Yolotepec;65.6
20445;Santa María Yosoyúa;57.6
20446;Santa María Yucuhiti;52.7
20447;Santa María Zacatepec;49.8
20448;Santa María Zaniza;78.9
20449;Santa María Zoquitlán;46
20450;Santiago Amoltepec;80.6
20451;Santiago Apoala;52.7
20452;Santiago Apóstol;44.3
20453;Santiago Astata;32.8
20454;Santiago Atitlán;62.4
20455;Santiago Ayuquililla;45.6
20456;Santiago Cacaloxtepec;28.5
20457;Santiago Camotlán;67.7
20458;Santiago Comaltepec;39
20459;Santiago Chazumba;28.3
20460;Santiago Choápam;61.7
20461;Santiago del Río;43.2
20462;Santiago Huajolotitlán;22.4
20463;Santiago Huauclilla;38.6
20464;Santiago Ihuitlán Plumas;37.9
20465;Santiago Ixcuintepec;66.1
20466;Santiago Ixtayutla;73.5
20467;Santiago Jamiltepec;33.6
20468;Santiago Jocotepec;63.6
20469;Santiago Juxtlahuaca;57.4
20470;Santiago Lachiguiri;45.6
20471;Santiago Lalopa;49.5
20472;Santiago Laollaga;19.6
20473;Santiago Laxopa;49.4
20474;Santiago Llano Grande;38.3
20475;Santiago Matatlán;43.2
20476;Santiago Miltepec;28.4
20477;Santiago Minas;58.9
20478;Santiago Nacaltepec;41.8
20479;Santiago Nejapilla;40.9
20480;Santiago Nundiche;51.4
20481;Santiago Nuyoó;52.9
20482;Santiago Pinotepa Nacional;33.1
20483;Santiago Suchilquitongo;22.2
20484;Santiago Tamazola;50.6
20485;Santiago Tapextla;65.8
20486;Villa Tejúpam de la Unión;30.1
20487;Santiago Tenango;37.9
20488;Santiago Tepetlapa;28.6
20489;Santiago Tetepec;60.8
20490;Santiago Texcalcingo;63.3
20491;Santiago Textitlán;72.7
20492;Santiago Tilantongo;50
20493;Santiago Tillo;21.1
20494;Santiago Tlazoyaltepec;73.1
20495;Santiago Xanica;60.8
20496;Santiago Xiacuí;24.3
20497;Santiago Yaitepec;62.6
20498;Santiago Yaveo;51.5
20499;Santiago Yolomécatl;19
20500;Santiago Yosondúa;45.6
20501;Santiago Yucuyachi;41.3
20502;Santiago Zacatepec;62.4
20503;Santiago Zoochila;42.4
20504;Nuevo Zoquiápam;45.6
20505;Santo Domingo Ingenio;12.7
20506;Santo Domingo Albarradas;41.5
20507;Santo Domingo Armenta;54.6
20508;Santo Domingo Chihuitán;15.9
20509;Santo Domingo de Morelos;70.4
20510;Santo Domingo Ixcatlán;56.3
20511;Santo Domingo Nuxaá;72.2
20512;Santo Domingo Ozolotepec;63.8
20513;Santo Domingo Petapa;38.6
20514;Santo Domingo Roayaga;64.5
20515;Santo Domingo Tehuantepec;21.7
20516;Santo Domingo Teojomulco;61.3
20517;Santo Domingo Tepuxtepec;68.3
20518;Santo Domingo Tlatayápam;23.9
20519;Santo Domingo Tomaltepec;17.8
20520;Santo Domingo Tonalá;31
20521;Santo Domingo Tonaltepec;40.8
20522;Santo Domingo Xagacía;57.2
20523;Santo Domingo Yanhuitlán;24.2
20524;Santo Domingo Yodohino;36.1
20525;Santo Domingo Zanatepec;28.7
20526;Santos Reyes Nopala;52.5
20527;Santos Reyes Pápalo;67.5
20528;Santos Reyes Tepejillo;30.1
20529;Santos Reyes Yucuná;77.4
20530;Santo Tomás Jalieza;46.5
20531;Santo Tomás Mazaltepec;31.1
20532;Santo Tomás Ocotepec;61.2
20533;Santo Tomás Tamazulapan;31.3
20534;San Vicente Coatlán;68.6
20535;San Vicente Lachixío;72.6
20536;San Vicente Nuñú;30.3
20537;Silacayoápam;41.6
20538;Sitio de Xitlapehua;50
20539;Soledad Etla;10.2
20540;Villa de Tamazulápam del Progreso;16.6
20541;Tanetze de Zaragoza;45.8
20542;Taniche;41.8
20543;Tataltepec de Valdés;65.2
20544;Teococuilco de Marcos Pérez;42.2
20545;Teotitlán de Flores Magón;20.2
20546;Teotitlán del Valle;30.4
20547;Teotongo;29.5
20548;Tepelmeme Villa de Morelos;35.8
20549;Tezoatlán de Segura y Luna;38.4
20550;San Jerónimo Tlacochahuaya;20.5
20551;Tlacolula de Matamoros;15.6
20552;Tlacotepec Plumas;40.3
20553;Tlalixtac de Cabrera;17.5
20554;Totontepec Villa de Morelos;59.1
20555;Trinidad Zaachila;36.5
20556;La Trinidad Vista Hermosa;40.3
20557;Unión Hidalgo;16
20558;Valerio Trujano;29.6
20559;San Juan Bautista Valle Nacional;44.7
20560;Villa Díaz Ordaz;44.4
20561;Yaxe;55
20562;Magdalena Yodocono de Porfirio Díaz;35.9
20563;Yogana;45.1
20564;Yutanduchi de Guerrero;53.4
20565;Villa de Zaachila;21.5
20566;Zapotitlán del Río;61.7
20567;Zapotitlán Lagunas;50.7
20568;Zapotitlán Palmas;34.2
20569;Santa Inés de Zaragoza;49
20570;Zimatlán de Álvarez;28.4
21001;Acajete;39.4
21002;Acateno;34.8
21003;Acatlán;32.3
21004;Acatzingo;37.9
21005;Acteopan;42.6
21006;Ahuacatlán;57.4
21007;Ahuatlán;49.4
21008;Ahuazotepec;26.4
21009;Ahuehuetitla;29.2
21010;Ajalpan;60.6
21011;Albino Zertuche;41.4
21012;Aljojuca;40.8
21013;Altepexi;38.2
21014;Amixtlán;54.1
21015;Amozoc;28.7
21016;Aquixtla;39.3
21017;Atempan;47.4
21018;Atexcal;43.7
21019;Atlixco;24.8
21020;Atoyatempan;31.9
21021;Atzala;23.9
21022;Atzitzihuacán;48.7
21023;Atzitzintla;59.4
21024;Axutla;31.2
21025;Ayotoxco de Guerrero;38.2
21026;Calpan;35.3
21027;Caltepec;45.7
21028;Camocuautla;59.8
21029;Caxhuacan;43.5
21030;Coatepec;50
21031;Coatzingo;38.5
21032;Cohetzala;44.1
21033;Cohuecan;43.4
21034;Coronango;24
21035;Coxcatlán;29.6
21036;Coyomeapan;69.4
21037;Coyotepec;23.5
21038;Cuapiaxtla de Madero;28.3
21039;Cuautempan;49.9
21040;Cuautinchán;37.9
21041;Cuautlancingo;11.2
21042;Cuayuca de Andrade;42.9
21043;Cuetzalan del Progreso;53.9
21044;Cuyoaco;36.5
21045;Chalchicomula de Sesma;41.7
21046;Chapulco;33.2
21047;Chiautla;25.8
21048;Chiautzingo;33.5
21049;Chiconcuautla;68.7
21050;Chichiquila;69.6
21051;Chietla;17.6
21052;Chigmecatitlán;27.2
21053;Chignahuapan;34.3
21054;Chignautla;37.5
21055;Chila;38.1
21056;Chila de la Sal;35
21057;Honey;44.3
21058;Chilchotla;62.2
21059;Chinantla;29.5
21060;Domingo Arenas;45.1
21061;Eloxochitlán;69.9
21062;Epatlán;32
21063;Esperanza;31.4
21064;Francisco Z. Mena;39.1
21065;General Felipe Ángeles;41.2
21066;Guadalupe;42.7
21067;Guadalupe Victoria;39.1
21068;Hermenegildo Galeana;56.2
21069;Huaquechula;40.5
21070;Huatlatlauca;45.2
21071;Huauchinango;39
21072;Huehuetla;62
21073;Huehuetlán el Chico;33.6
21074;Huejotzingo;25.3
21075;Hueyapan;52.3
21076;Hueytamalco;41.7
21077;Hueytlalpan;62.3
21078;Huitzilan de Serdán;64.5
21079;Huitziltepec;31.1
21080;Atlequizayán;56.2
21081;Ixcamilpa de Guerrero;53.7
21082;Ixcaquixtla;23.4
21083;Ixtacamaxtitlán;52.3
21084;Ixtepec;59.1
21085;Izúcar de Matamoros;30.7
21086;Jalpan;51.5
21087;Jolalpan;54.2
21088;Jonotla;45.1
21089;Jopala;54.8
21090;Juan C. Bonilla;25.8
21091;Juan Galindo;12.3
21092;Juan N. Méndez;52
21093;Lafragua;46.2
21094;Libres;41.6
21095;La Magdalena Tlatlauquitepec;40.7
21096;Mazapiltepec de Juárez;38.6
21097;Mixtla;20.6
21098;Molcaxac;40.7
21099;Cañada Morelos;45.4
21100;Naupan;55.6
21101;Nauzontla;33.9
21102;Nealtican;34.1
21103;Nicolás Bravo;34.5
21104;Nopalucan;32.4
21105;Ocotepec;38.2
21106;Ocoyucan;42.9
21107;Olintla;61.8
21108;Oriental;26.7
21109;Pahuatlán;53.8
21110;Palmar de Bravo;48.1
21111;Pantepec;49
21112;Petlalcingo;40.2
21113;Piaxtla;31.1
21114;Puebla;12.5
21115;Quecholac;47.6
21116;Quimixtlán;67.9
21117;Rafael Lara Grajales;15.3
21118;Los Reyes de Juárez;41.5
21119;San Andrés Cholula;27.9
21120;San Antonio Cañada;54.4
21121;San Diego la Mesa Tochimiltzingo;48.5
21122;San Felipe Teotlalcingo;28
21123;San Felipe Tepatlán;58.1
21124;San Gabriel Chilac;32.2
21125;San Gregorio Atzompa;11.4
21126;San Jerónimo Tecuanipan;38.3
21127;San Jerónimo Xayacatlán;35.7
21128;San José Chiapa;30
21129;San José Miahuatlán;35.5
21130;San Juan Atenco;33.8
21131;San Juan Atzompa;36
21132;San Martín Texmelucan;19.4
21133;San Martín Totoltepec;32.3
21134;San Matías Tlalancaleca;20.7
21135;San Miguel Ixitlán;33.2
21136;San Miguel Xoxtla;5
21137;San Nicolás Buenos Aires;42.4
21138;San Nicolás de los Ranchos;47.2
21139;San Pablo Anicano;37.6
21140;San Pedro Cholula;20.4
21141;San Pedro Yeloixtlahuaca;32.7
21142;San Salvador el Seco;38.7
21143;San Salvador el Verde;27.9
21144;San Salvador Huixcolotla;24.3
21145;San Sebastián Tlacotepec;68.6
21146;Santa Catarina Tlaltempan;33.5
21147;Santa Inés Ahuatempan;44.4
21148;Santa Isabel Cholula;38.7
21149;Santiago Miahuatlán;23.9
21150;Huehuetlán el Grande;49.9
21151;Santo Tomás Hueyotlipan;23.7
21152;Soltepec;39.9
21153;Tecali de Herrera;23.4
21154;Tecamachalco;31.5
21155;Tecomatlán;25.2
21156;Tehuacán;29.3
21157;Tehuitzingo;33.7
21158;Tenampulco;43.9
21159;Teopantlán;44.9
21160;Teotlalco;34.7
21161;Tepanco de López;30.2
21162;Tepango de Rodríguez;53.4
21163;Tepatlaxco de Hidalgo;47.6
21164;Tepeaca;36.8
21165;Tepemaxalco;62.9
21166;Tepeojuma;29.1
21167;Tepetzintla;61.5
21168;Tepexco;48.1
21169;Tepexi de Rodríguez;37.4
21170;Tepeyahualco;42.5
21171;Tepeyahualco de Cuauhtémoc;20.6
21172;Tetela de Ocampo;40.2
21173;Teteles de Ávila Castillo;15.5
21174;Teziutlán;21.2
21175;Tianguismanalco;42.8
21176;Tilapa;21.4
21177;Tlacotepec de Benito Juárez;42.4
21178;Tlacuilotepec;58
21179;Tlachichuca;44.7
21180;Tlahuapan;34.1
21181;Tlaltenango;24.8
21182;Tlanepantla;32.7
21183;Tlaola;54.9
21184;Tlapacoya;56.4
21185;Tlapanalá;33.6
21186;Tlatlauquitepec;33.3
21187;Tlaxco;50.7
21188;Tochimilco;51.7
21189;Tochtepec;30.1
21190;Totoltepec de Guerrero;35.3
21191;Tulcingo;32.5
21192;Tuzamapan de Galeana;40.1
21193;Tzicatlacoyan;42.7
21194;Venustiano Carranza;29.2
21195;Vicente Guerrero;62.8
21196;Xayacatlán de Bravo;30.6
21197;Xicotepec;41.2
21198;Xicotlán;38.4
21199;Xiutetelco;48.7
21200;Xochiapulco;46.8
21201;Xochiltepec;41.8
21202;Xochitlán de Vicente Suárez;50.9
21203;Xochitlán Todos Santos;38.9
21204;Yaonáhuac;33
21205;Yehualtepec;34
21206;Zacapala;41.2
21207;Zacapoaxtla;40.6
21208;Zacatlán;32
21209;Zapotitlán;33.6
21210;Zapotitlán de Méndez;45.5
21211;Zaragoza;13.2
21212;Zautla;45.6
21213;Zihuateutla;51.7
21214;Zinacatepec;40.3
21215;Zongozotla;49.3
21216;Zoquiapan;47.1
21217;Zoquitlán;67.1
22001;Amealco de Bonfil;40.3
22002;Pinal de Amoles;55.4
22003;Arroyo Seco;33.8
22004;Cadereyta de Montes;27.4
22005;Colón;20.9
22006;Corregidora;4.1
22007;Ezequiel Montes;18.1
22008;Huimilpan;33.4
22009;Jalpan de Serra;32.8
22010;Landa de Matamoros;47.6
22011;El Marqués;15.3
22012;Pedro Escobedo;11.2
22013;Peñamiller;40.5
22014;Querétaro;9.1
22015;San Joaquín;44.8
22016;San Juan del Río;13.5
22017;Tequisquiapan;16.9
22018;Tolimán;28.9
23001;Cozumel;11.1
23002;Felipe Carrillo Puerto;50.7
23003;Isla Mujeres;7.5
23004;Othón P. Blanco;20
23005;Benito Juárez;15.1
23006;José María Morelos;46.2
23007;Lázaro Cárdenas;38.9
23008;Solidaridad;14.8
23009;Tulum;23.2
24001;Ahualulco;39.7
24002;Alaquines;48.9
24003;Aquismón;61
24004;Armadillo de los Infante;37.9
24005;Cárdenas;21.7
24006;Catorce;30.2
24007;Cedral;16.3
24008;Cerritos;18.5
24009;Cerro de San Pedro;9.2
24010;Ciudad del Maíz;35.2
24011;Ciudad Fernández;28.8
24012;Tancanhuitz;42.3
24013;Ciudad Valles;16.5
24014;Coxcatlán;51.9
24015;Charcas;20.1
24016;Ebano;29.9
24017;Guadalcázar;40.6
24018;Huehuetlán;44.1
24019;Lagunillas;38.9
24020;Matehuala;13.3
24021;Mexquitic de Carmona;33.5
24022;Moctezuma;46.2
24023;Rayón;28.7
24024;Rioverde;27.1
24025;Salinas;29.9
24026;San Antonio;60.5
24027;San Ciro de Acosta;25.4
24028;San Luis Potosí;9.3
24029;San Martín Chalchicuautla;46.5
24030;San Nicolás Tolentino;31.6
24031;Santa Catarina;62.6
24032;Santa María del Río;27.8
24033;Santo Domingo;32.6
24034;San Vicente Tancuayalab;35.9
24035;Soledad de Graciano Sánchez;15.5
24036;Tamasopo;33.4
24037;Tamazunchale;39.8
24038;Tampacán;48.9
24039;Tampamolón Corona;48.2
24040;Tamuín;25.7
24041;Tanlajás;59.5
24042;Tanquián de Escobedo;30.4
24043;Tierra Nueva;33.9
24044;Vanegas;35.5
24045;Venado;33.9
24046;Villa de Arriaga;33.6
24047;Villa de Guadalupe;35.9
24048;Villa de la Paz;7.6
24049;Villa de Ramos;45.7
24050;Villa de Reyes;27.6
24051;Villa Hidalgo;22
24052;Villa Juárez;32
24053;Axtla de Terrazas;40.3
24054;Xilitla;52.6
24055;Zaragoza;29.1
24056;Villa de Arista;38.2
24057;Matlapa;48.4
24058;El Naranjo;15.7
25001;Ahome;9.5
25002;Angostura;8.8
25003;Badiraguato;36.4
25004;Concordia;17.8
25005;Cosalá;29.1
25006;Culiacán;9.5
25007;Choix;36.5
25008;Elota;22.9
25009;Escuinapa;14.6
25010;El Fuerte;15.9
25011;Guasave;13.2
25012;Mazatlán;8.8
25013;Mocorito;17.4
25014;Rosario;18.5
25015;Salvador Alvarado;9.5
25016;San Ignacio;21.7
25017;Sinaloa;28.9
25018;Navolato;13.8
26001;Aconchi;8.6
26002;Agua Prieta;18.4
26003;Alamos;24.7
26004;Altar;9.2
26005;Arivechi;14
26006;Arizpe;9
26007;Atil;6.6
26008;Bacadéhuachi;15
26009;Bacanora;13.2
26010;Bacerac;14.7
26011;Bacoachi;6
26012;Bácum;8.9
26013;Banámichi;9.6
26014;Baviácora;5.8
26015;Bavispe;15.4
26016;Benjamín Hill;4.5
26017;Caborca;14.7
26018;Cajeme;7.8
26019;Cananea;11.5
26020;Carbó;10.5
26021;La Colorada;6.5
26022;Cucurpe;10.3
26023;Cumpas;3.9
26024;Divisaderos;9.1
26025;Empalme;17.2
26026;Etchojoa;25.2
26027;Fronteras;4.6
26028;Granados;4.5
26029;Guaymas;13.7
26030;Hermosillo;11
26031;Huachinera;13.6
26032;Huásabas;6.6
26033;Huatabampo;17.9
26034;Huépac;4.2
26035;Imuris;7.7
26036;Magdalena;20.8
26037;Mazatán;5.8
26038;Moctezuma;2.8
26039;Naco;5.7
26040;Nácori Chico;19.4
26041;Nacozari de García;2.8
26042;Navojoa;16.4
26043;Nogales;11
26044;Onavas;13.6
26045;Opodepe;13.2
26046;Oquitoa;4.8
26047;Pitiquito;5
26048;Puerto Peñasco;19.4
26049;Quiriego;29.3
26050;Rayón;10.6
26051;Rosario;20.4
26052;Sahuaripa;11.8
26053;San Felipe de Jesús;7.5
26054;San Javier;4.9
26055;San Luis Río Colorado;13.5
26056;San Miguel de Horcasitas;25.6
26057;San Pedro de la Cueva;10.6
26058;Santa Ana;5.3
26059;Santa Cruz;10.6
26060;Sáric;13.3
26061;Soyopa;10.2
26062;Suaqui Grande;10.8
26063;Tepache;10.2
26064;Trincheras;10.5
26065;Tubutama;12.4
26066;Ures;4.5
26067;Villa Hidalgo;6.2
26068;Villa Pesqueira;7.1
26069;Yécora;26.9
26070;General Plutarco Elías Calles;10
26071;Benito Juárez;16.2
26072;San Ignacio Río Muerto;16.4
27001;Balancán;31.4
27002;Cárdenas;29.7
27003;Centla;33.6
27004;Centro;7
27005;Comalcalco;27.2
27006;Cunduacán;21.6
27007;Emiliano Zapata;19.7
27008;Huimanguillo;31.6
27009;Jalapa;17.3
27010;Jalpa de Méndez;17.6
27011;Jonuta;36.7
27012;Macuspana;27.3
27013;Nacajuca;10.2
27014;Paraíso;18.1
27015;Tacotalpa;38.8
27016;Teapa;23.9
27017;Tenosique;24
28001;Abasolo;20.8
28002;Aldama;15.2
28003;Altamira;16.9
28004;Antiguo Morelos;18.4
28005;Burgos;24.8
28006;Bustamante;50.6
28007;Camargo;5.7
28008;Casas;35
28009;Ciudad Madero;11.5
28010;Cruillas;26
28011;Gómez Farías;22.5
28012;González;19.1
28013;Güémez;28.6
28014;Guerrero;3.7
28015;Gustavo Díaz Ordaz;5.2
28016;Hidalgo;21.5
28017;Jaumave;28.4
28018;Jiménez;12.3
28019;Llera;24.4
28020;Mainero;26.6
28021;El Mante;11.2
28022;Matamoros;12
28023;Méndez;19.5
28024;Mier;3.1
28025;Miguel Alemán;11.9
28026;Miquihuana;48.2
28027;Nuevo Laredo;14.4
28028;Nuevo Morelos;18.2
28029;Ocampo;17.5
28030;Padilla;15.1
28031;Palmillas;26.5
28032;Reynosa;13
28033;Río Bravo;16
28034;San Carlos;33.9
28035;San Fernando;18.5
28036;San Nicolás;56.9
28037;Soto la Marina;20.2
28038;Tampico;11.2
28039;Tula;30
28040;Valle Hermoso;13.3
28041;Victoria;10.3
28042;Villagrán;26.2
28043;Xicoténcatl;11
29001;Amaxac de Guerrero;5.8
29002;Apetatitlán de Antonio Carvajal;4.9
29003;Atlangatepec;25.4
29004;Altzayanca;32.1
29005;Apizaco;11.7
29006;Calpulalpan;19.2
29007;El Carmen Tequexquitla;31.4
29008;Cuapiaxtla;24.5
29009;Cuaxomulco;18.9
29010;Chiautempan;20.9
29011;Muñoz de Domingo Arenas;18
29012;Españita;34.8
29013;Huamantla;23.5
29014;Hueyotlipan;26
29015;Ixtacuixtla de Mariano Matamoros;12.5
29016;Ixtenco;13.3
29017;Mazatecochco de José María Morelos;16.4
29018;Contla de Juan Cuamatzi;25.6
29019;Tepetitla de Lardizábal;13.8
29020;Sanctórum de Lázaro Cárdenas;18
29021;Nanacamilpa de Mariano Arista;14.3
29022;Acuamanala de Miguel Hidalgo;10.9
29023;Natívitas;18.3
29024;Panotla;8.2
29025;San Pablo del Monte;31.9
29026;Santa Cruz Tlaxcala;10.5
29027;Tenancingo;11.9
29028;Teolocholco;23
29029;Tepeyanco;9.9
29030;Terrenate;32.5
29031;Tetla de la Solidaridad;12.1
29032;Tetlatlahuca;11.9
29033;Tlaxcala;7.1
29034;Tlaxco;25.2
29035;Tocatlán;18.6
29036;Totolac;4.9
29037;Zitlaltepec de Trinidad Sánchez Santos;37.2
29038;Tzompantepec;10.6
29039;Xaloztoc;22.9
29040;Xaltocan;20.6
29041;Papalotla de Xicohténcatl;16.9
29042;Xicohtzinco;4.7
29043;Yauhquemecan;5.8
29044;Zacatelco;22.8
29045;Benito Juárez;17.9
29046;Emiliano Zapata;39.7
29047;Lázaro Cárdenas;31.5
29048;La Magdalena Tlaltelulco;31.9
29049;San Damián Texoloc;8.2
29050;San Francisco Tetlanohcan;22.3
29051;San Jerónimo Zacualpan;10
29052;San José Teacalco;24.9
29053;San Juan Huactzinco;11.3
29054;San Lorenzo Axocomanitla;7.5
29055;San Lucas Tecopilco;20.7
29056;Santa Ana Nopalucan;12.7
29057;Santa Apolonia Teacalco;14.6
29058;Santa Catarina Ayometla;11.1
29059;Santa Cruz Quilehtla;16.6
29060;Santa Isabel Xiloxoxtla;16
30001;Acajete;32.2
30002;Acatlán;33.8
30003;Acayucan;31.2
30004;Actopan;12.6
30005;Acula;20.4
30006;Acultzingo;36.7
30007;Camarón de Tejeda;24.3
30008;Alpatláhuac;58.1
30009;Alto Lucero de Gutiérrez Barrios;22.3
30010;Altotonga;47.2
30011;Alvarado;15.1
30012;Amatitlán;13.9
30013;Naranjos Amatlán;11.8
30014;Amatlán de los Reyes;14.2
30015;Angel R. Cabada;18
30016;La Antigua;9
30017;Apazapan;21.9
30018;Aquila;54.3
30019;Astacinga;66.6
30020;Atlahuilco;61
30021;Atoyac;16.8
30022;Atzacan;37.1
30023;Atzalan;40.4
30024;Tlaltetela;45.6
30025;Ayahualulco;59.3
30026;Banderilla;14.9
30027;Benito Juárez;54
30028;Boca del Río;9.5
30029;Calcahualco;71.3
30030;Camerino Z. Mendoza;22.8
30031;Carrillo Puerto;37.7
30032;Catemaco;26.1
30033;Cazones;36.6
30034;Cerro Azul;15.5
30035;Citlaltépetl;42.5
30036;Coacoatzintla;29.9
30037;Coahuitlán;58.4
30038;Coatepec;18
30039;Coatzacoalcos;11.4
30040;Coatzintla;16.1
30041;Coetzala;46.3
30042;Colipa;33.6
30043;Comapa;48
30044;Córdoba;14.6
30045;Cosamaloapan de Carpio;13.4
30046;Cosautlán de Carvajal;34.1
30047;Coscomatepec;60.5
30048;Cosoleacaque;19
30049;Cotaxtla;21.3
30050;Coxquihui;52.3
30051;Coyutla;46.9
30052;Cuichapa;19.4
30053;Cuitláhuac;12.8
30054;Chacaltianguis;15.5
30055;Chalma;32.4
30056;Chiconamel;49.5
30057;Chiconquiaco;52.7
30058;Chicontepec;44.1
30059;Chinameca;15.1
30060;Chinampa de Gorostiza;35.2
30061;Las Choapas;50.6
30062;Chocamán;35.1
30063;Chontla;44
30064;Chumatlán;55.1
30065;Emiliano Zapata;8.1
30066;Espinal;39.8
30067;Filomeno Mata;71.6
30068;Fortín;12.2
30069;Gutiérrez Zamora;17.4
30070;Hidalgotitlán;47.6
30071;Huatusco;30.5
30072;Huayacocotla;40.8
30073;Hueyapan de Ocampo;33.8
30074;Huiloapan;11.1
30075;Ignacio de la Llave;25.6
30076;Ilamatlán;54.2
30077;Isla;23.6
30078;Ixcatepec;47.3
30079;Ixhuacán de los Reyes;46
30080;Ixhuatlán del Café;43.2
30081;Ixhuatlancillo;18.9
30082;Ixhuatlán del Sureste;13
30083;Ixhuatlán de Madero;54.8
30084;Ixmatlahuacan;16.7
30085;Ixtaczoquitlán;13.6
30086;Jalacingo;45.8
30087;Xalapa;10.3
30088;Jalcomulco;31
30089;Jáltipan;25.9
30090;Jamapa;10.9
30091;Jesús Carranza;31.9
30092;Xico;30.2
30093;Jilotepec;11.3
30094;Juan Rodríguez Clara;22
30095;Juchique de Ferrer;37.8
30096;Landero y Coss;32.3
30097;Lerdo de Tejada;17.7
30098;Magdalena;50.7
30099;Maltrata;36.3
30100;Manlio Fabio Altamirano;17
30101;Mariano Escobedo;31.5
30102;Martínez de la Torre;24.9
30103;Mecatlán;66.6
30104;Mecayapan;55.9
30105;Medellín;6
30106;Miahuatlán;42.3
30107;Las Minas;59.7
30108;Minatitlán;20.5
30109;Misantla;33.4
30110;Mixtla de Altamirano;72.6
30111;Moloacán;19.7
30112;Naolinco;14.8
30113;Naranjal;37.4
30114;Nautla;24.2
30115;Nogales;27.6
30116;Oluta;16.8
30117;Omealca;24.2
30118;Orizaba;10.7
30119;Otatitlán;12.3
30120;Oteapan;21.3
30121;Ozuluama de Mascareñas;27.7
30122;Pajapan;42.5
30123;Pánuco;19.2
30124;Papantla;28.2
30125;Paso del Macho;16.5
30126;Paso de Ovejas;10.8
30127;La Perla;68.9
30128;Perote;32.2
30129;Platón Sánchez;31
30130;Playa Vicente;35.1
30131;Poza Rica de Hidalgo;12.5
30132;Las Vigas de Ramírez;37.1
30133;Pueblo Viejo;9.9
30134;Puente Nacional;13.1
30135;Rafael Delgado;39.3
30136;Rafael Lucio;19.7
30137;Los Reyes;62
30138;Río Blanco;12
30139;Saltabarranca;12.2
30140;San Andrés Tenejapan;51.7
30141;San Andrés Tuxtla;33.8
30142;San Juan Evangelista;29.2
30143;Santiago Tuxtla;32.5
30144;Sayula de Alemán;34.4
30145;Soconusco;14.9
30146;Sochiapa;42.2
30147;Soledad Atzompa;66
30148;Soledad de Doblado;21.3
30149;Soteapan;62.5
30150;Tamalín;32.8
30151;Tamiahua;28.1
30152;Tampico Alto;21.2
30153;Tancoco;33.6
30154;Tantima;38.1
30155;Tantoyuca;48.2
30156;Tatatila;56.7
30157;Castillo de Teayo;32.8
30158;Tecolutla;26.6
30159;Tehuipango;75.1
30160;Temapache;38.2
30161;Tempoal;30.5
30162;Tenampa;40.7
30163;Tenochtitlán;53.3
30164;Teocelo;18.2
30165;Tepatlaxco;57.5
30166;Tepetlán;36.3
30167;Tepetzintla;39.9
30168;Tequila;60.8
30169;José Azueta;26.7
30170;Texcatepec;68.3
30171;Texhuacán;53.5
30172;Texistepec;39.1
30173;Tezonapa;39.6
30174;Tierra Blanca;20.1
30175;Tihuatlán;24.3
30176;Tlacojalpan;16.1
30177;Tlacolulan;49.4
30178;Tlacotalpan;10.6
30179;Tlacotepec de Mejía;32
30180;Tlachichilco;57.3
30181;Tlalixcoyan;15.4
30182;Tlalnelhuayocan;24.7
30183;Tlapacoyan;38.8
30184;Tlaquilpa;64.5
30185;Tlilapan;29.3
30186;Tomatlán;14.2
30187;Tonayán;56.6
30188;Totutla;36.6
30189;Túxpam;15.5
30190;Tuxtilla;9.3
30191;Ursulo Galván;3.9
30192;Vega de Alatorre;17.4
30193;Veracruz;9.3
30194;Villa Aldama;39
30195;Xoxocotla;67.8
30196;Yanga;10.8
30197;Yecuatla;40.7
30198;Zacualpan;56.5
30199;Zaragoza;33.8
30200;Zentla;35.7
30201;Zongolica;49.4
30202;Zontecomatlán de López y Fuentes;63.9
30203;Zozocolco de Hidalgo;56.9
30204;Agua Dulce;24
30205;El Higo;17.6
30206;Nanchital de Lázaro Cárdenas del Río;13.1
30207;Tres Valles;21.2
30208;Carlos A. Carrillo;20.8
30209;Tatahuicapan de Juárez;53.9
30210;Uxpanapa;53.6
30211;San Rafael;13.9
30212;Santiago Sochiapan;44.2
31001;Abalá;26.2
31002;Acanceh;18
31003;Akil;37.5
31004;Baca;11.6
31005;Bokobá;21.8
31006;Buctzotz;32.2
31007;Cacalchén;12.7
31008;Calotmul;37.3
31009;Cansahcab;14.2
31010;Cantamayec;56.3
31011;Celestún;25.6
31012;Cenotillo;33
31013;Conkal;6.8
31014;Cuncunul;37.7
31015;Cuzamá;29.6
31016;Chacsinkín;53
31017;Chankom;58.3
31018;Chapab;35.2
31019;Chemax;61
31020;Chicxulub Pueblo;11.2
31021;Chichimilá;54.2
31022;Chikindzonot;66.3
31023;Chocholá;9.6
31024;Chumayel;42.2
31025;Dzán;35.5
31026;Dzemul;11.5
31027;Dzidzantún;9.5
31028;Dzilam de Bravo;18.4
31029;Dzilam González;21.7
31030;Dzitás;46.3
31031;Dzoncauich;36.4
31032;Espita;45
31033;Halachó;28.8
31034;Hocabá;25
31035;Hoctún;27.3
31036;Homún;31.3
31037;Huhí;27.7
31038;Hunucmá;29.1
31039;Ixil;12.7
31040;Izamal;19.8
31041;Kanasín;16.7
31042;Kantunil;36.4
31043;Kaua;48.6
31044;Kinchil;25.9
31045;Kopomá;19.9
31046;Mama;37.2
31047;Maní;33.5
31048;Maxcanú;20.8
31049;Mayapán;56.7
31050;Mérida;7.6
31051;Mocochá;10.2
31052;Motul;21.1
31053;Muna;24.4
31054;Muxupip;18.4
31055;Opichén;39.5
31056;Oxkutzcab;32.1
31057;Panabá;31.3
31058;Peto;37
31059;Progreso;17.4
31060;Quintana Roo;41.5
31061;Río Lagartos;14.2
31062;Sacalum;19.9
31063;Samahil;17.8
31064;Sanahcat;22.8
31065;San Felipe;15
31066;Santa Elena;36.4
31067;Seyé;21.3
31068;Sinanché;20.3
31069;Sotuta;51.1
31070;Sucilá;26.1
31071;Sudzal;39.8
31072;Suma;15.7
31073;Tahdziú;67.3
31074;Tahmek;12.4
31075;Teabo;42.6
31076;Tecoh;21.1
31077;Tekal de Venegas;31.9
31078;Tekantó;18.6
31079;Tekax;36.5
31080;Tekit;29.7
31081;Tekom;48.9
31082;Telchac Pueblo;11.2
31083;Telchac Puerto;17
31084;Temax;31.5
31085;Temozón;47.4
31086;Tepakán;25.3
31087;Tetiz;28.7
31088;Teya;29.7
31089;Ticul;20.7
31090;Timucuy;25.8
31091;Tinum;35.8
31092;Tixcacalcupul;59.8
31093;Tixkokob;10
31094;Tixmehuac;50.4
31095;Tixpéhual;8.4
31096;Tizimín;37.5
31097;Tunkás;41.8
31098;Tzucacab;46.4
31099;Uayma;51.4
31100;Ucú;13.7
31101;Umán;17.2
31102;Valladolid;31.6
31103;Xocchel;31
31104;Yaxcabá;55.1
31105;Yaxkukul;12.3
31106;Yobaín;23.6
32001;Apozol;15.2
32002;Apulco;31.3
32003;Atolinga;16.5
32004;Benito Juárez;20.9
32005;Calera;17.1
32006;Cañitas de Felipe Pescador;14.8
32007;Concepción del Oro;7.1
32008;Cuauhtémoc;23
32009;Chalchihuites;18.9
32010;Fresnillo;18.3
32011;Trinidad García de la Cadena;12.6
32012;Genaro Codina;32.6
32013;General Enrique Estrada;10.7
32014;General Francisco R. Murguía;28.8
32015;El Plateado de Joaquín Amaro;23.1
32016;General Pánfilo Natera;33.3
32017;Guadalupe;10.8
32018;Huanusco;16.6
32019;Jalpa;11.4
32020;Jerez;12
32021;Jiménez del Teul;45.8
32022;Juan Aldama;18.8
32023;Juchipila;6.4
32024;Loreto;24.1
32025;Luis Moya;14.6
32026;Mazapil;26.3
32027;Melchor Ocampo;25.1
32028;Mezquital del Oro;26.7
32029;Miguel Auza;18.7
32030;Momax;10.1
32031;Monte Escobedo;17.1
32032;Morelos;4.9
32033;Moyahua de Estrada;14.3
32034;Nochistlán de Mejía;17.3
32035;Noria de Ángeles;31
32036;Ojocaliente;31
32037;Pánuco;19.7
32038;Pinos;31.3
32039;Río Grande;18.4
32040;Sain Alto;28.7
32041;El Salvador;34.3
32042;Sombrerete;22.4
32043;Susticacán;26.6
32044;Tabasco;17.6
32045;Tepechitlán;18
32046;Tepetongo;17.6
32047;Teul de González Ortega;10.3
32048;Tlaltenango de Sánchez Román;22.4
32049;Valparaíso;22.7
32050;Vetagrande;16
32051;Villa de Cos;23.3
32052;Villa García;18.2
32053;Villa González Ortega;24
32054;Villa Hidalgo;30.1
32055;Villanueva;13.1
32056;Zacatecas;7.2
32057;Trancoso;21.3
32058;Santa María de la Paz;18.7
